,average_speed,average_heartrate,average_watts,distance,elapsed_time,total_elevation_gain,type,commute,start_date_local
0,5.465,129.9,131.7,51690.0,3:23:50,1414.0,Ride,False,2018-05-21T09:59:24
1,6.948,131.3,127.8,133126.0,6:17:54,2280.0,Ride,False,2018-05-20T08:46:44
2,6.853,135.4,136.4,108418.0,4:39:40,1950.0,Ride,False,2018-05-19T08:12:35
3,6.756,,135.3,59019.1,2:38:43,937.0,Ride,False,2018-05-17T17:50:55
4,7.454,,117.7,23830.9,0:55:01,122.0,Ride,False,2018-05-17T07:15:06
5,6.259,129.8,129.0,23773.2,1:06:00,504.0,Ride,False,2018-05-16T18:09:43
6,2.864,,,10847.6,1:08:12,347.3,Run,False,2018-05-15T19:49:01
7,2.928,,,4995.2,0:31:15,50.0,Run,False,2018-05-14T19:38:03
8,7.289,132.8,121.9,129491.0,5:55:04,1833.0,Ride,False,2018-05-12T09:13:34
9,3.004,134.0,,3337.9,0:18:54,50.0,Run,False,2018-05-05T09:47:42
10,2.993,132.5,,5887.3,0:36:16,35.9,Run,False,2018-05-03T19:14:36
11,3.114,134.1,,8158.0,0:46:41,46.9,Run,False,2018-05-01T19:23:56
12,7.876,,105.1,24156.9,0:51:27,99.0,Ride,False,2018-04-30T17:35:55
13,6.213,,122.2,24052.4,1:05:22,148.0,Ride,False,2018-04-30T08:10:17
14,3.158,136.8,,11381.6,1:05:52,122.6,Run,False,2018-04-27T14:04:44
15,7.627,137.7,145.1,67886.5,2:48:56,1000.0,Ride,False,2018-04-25T17:43:50
16,2.68,171.7,,8057.4,0:57:50,214.0,Run,False,2018-04-24T19:05:18
17,7.313,118.2,116.5,131027.0,7:26:00,1650.0,Ride,False,2018-04-22T10:39:04
18,3.378,154.9,,30036.6,2:35:49,344.9,Run,False,2018-04-21T09:29:23
19,7.163,116.8,81.9,48495.8,1:57:46,411.0,Ride,False,2018-04-20T16:39:14
20,8.367,114.1,112.5,23845.2,0:49:27,105.0,Ride,True,2018-04-20T08:05:37
21,2.59,127.2,,10037.3,1:10:14,246.3,Run,False,2018-04-19T18:16:07
22,7.058,137.5,135.8,68260.3,3:19:50,1273.0,Ride,False,2018-04-18T17:23:56
23,3.295,150.2,,13342.9,1:18:29,199.9,Run,False,2018-04-17T17:44:20
24,3.214,144.9,,22067.3,2:03:34,254.5,Run,False,2018-04-15T09:18:08
25,8.362,137.2,145.5,113266.0,4:03:25,1512.0,Ride,False,2018-04-14T10:12:47
26,2.92,147.4,,17373.5,1:50:42,160.1,Run,False,2018-04-13T17:05:42
27,6.666,113.2,108.3,18858.8,0:49:47,294.0,Ride,False,2018-04-12T15:43:35
28,8.209,137.7,143.8,70292.6,2:45:15,842.0,Ride,False,2018-04-11T17:58:38
29,8.282,129.8,131.2,24009.0,0:52:23,113.0,Ride,True,2018-04-11T07:49:03
30,2.767,135.7,,11283.5,1:09:18,327.3,Run,False,2018-04-10T17:53:04
31,6.745,132.7,142.3,40856.5,1:50:07,718.0,Ride,False,2018-04-07T10:36:42
32,7.148,124.1,123.4,76438.4,3:31:58,1210.0,Ride,False,2018-04-06T10:01:15
33,7.804,141.1,147.0,138914.0,18:00:55,2228.0,Ride,False,2018-04-05T09:57:57
34,2.852,128.5,,16661.4,1:49:16,59.5,Run,False,2018-04-04T11:03:57
35,7.578,139.2,62.5,187010.0,7:56:25,3100.0,Ride,False,2018-04-03T10:28:25
36,7.82,138.5,135.5,126328.0,5:09:35,2001.0,Ride,False,2018-04-02T10:29:50
37,8.242,136.3,136.4,123087.0,4:35:37,1619.0,Ride,False,2018-04-01T09:30:34
38,3.152,,,10385.5,0:56:26,44.3,Run,False,2018-03-31T16:08:21
39,3.076,150.7,,16360.1,1:29:55,416.5,Run,False,2018-03-30T12:46:27
40,2.804,138.9,,18325.6,2:02:08,541.5,Run,False,2018-03-28T11:08:28
41,3.136,140.6,,12081.9,1:05:45,132.5,Run,False,2018-03-27T20:16:12
42,7.158,129.6,126.4,158483.0,7:24:26,2655.0,Ride,False,2018-03-24T09:21:41
43,2.998,141.8,,24548.6,2:29:37,387.8,Run,False,2018-03-23T16:51:54
44,2.628,129.7,,10605.1,1:09:48,235.8,Run,False,2018-03-22T18:20:48
45,8.007,132.9,124.1,41258.1,1:26:23,341.0,VirtualRide,False,2018-03-21T18:12:18
46,3.064,141.1,,10512.7,0:58:58,92.1,Run,False,2018-03-20T11:41:27
47,2.159,128.8,,18420.2,2:49:21,638.7,Run,False,2018-03-18T10:18:56
48,8.934,136.5,139.8,32333.4,1:00:19,258.0,VirtualRide,False,2018-03-17T18:51:55
49,2.741,143.5,,21642.3,2:16:19,756.6,Run,False,2018-03-16T17:07:17
50,6.745,124.4,124.0,117337.0,5:16:14,1660.0,Ride,False,2018-03-14T13:10:17
51,2.8,138.4,,15355.7,1:48:41,264.1,Run,False,2018-03-13T16:52:48
52,2.989,136.6,,14091.0,1:31:08,269.3,Run,False,2018-03-11T09:06:39
53,7.137,129.4,107.2,139897.0,5:57:24,1796.0,Ride,False,2018-03-09T11:35:47
54,3.086,155.2,,14543.3,1:28:31,150.5,Run,False,2018-03-08T15:22:01
55,7.562,134.4,135.5,27655.8,1:00:57,384.0,VirtualRide,False,2018-03-07T17:39:49
56,3.081,143.5,,11032.8,1:07:18,90.7,Run,False,2018-03-06T12:17:46
57,6.804,127.4,130.3,101597.0,5:07:00,1357.0,Ride,False,2018-03-04T09:29:00
58,2.599,131.9,,16050.8,1:54:00,517.3,Run,False,2018-03-03T09:54:28
59,2.81,170.5,,10038.6,1:06:24,118.4,Run,False,2018-03-01T19:34:57
60,3.052,135.3,,8358.3,0:54:56,86.6,Run,False,2018-02-28T11:05:07
61,7.875,127.4,128.6,35595.9,1:15:20,443.0,VirtualRide,False,2018-02-27T18:23:01
62,9.643,138.8,145.7,72708.3,2:06:07,428.0,VirtualRide,False,2018-02-25T12:17:00
63,2.92,139.1,,12183.0,1:14:32,193.8,Run,False,2018-02-24T10:22:15
64,2.507,132.6,,8632.8,0:58:06,248.2,Run,False,2018-02-22T17:47:04
65,2.849,159.7,,15393.8,1:33:50,167.6,Run,False,2018-02-20T17:25:07
66,6.013,126.0,119.1,81349.9,4:02:20,1663.2,Ride,False,2018-02-18T10:28:50
67,6.795,133.3,138.9,134898.0,6:15:53,2236.7,Ride,False,2018-02-17T09:58:08
68,6.315,134.3,134.0,129465.0,6:14:57,2828.6,Ride,False,2018-02-16T10:29:06
69,6.349,134.5,138.6,115791.0,6:57:46,2606.6,Ride,False,2018-02-15T10:14:06
70,2.649,129.5,,17039.4,1:57:19,454.4,Run,False,2018-02-14T13:47:24
71,6.834,131.7,116.4,43567.2,1:49:48,605.0,VirtualRide,False,2018-02-13T18:48:21
72,2.316,133.4,,14464.9,1:49:15,529.1,Run,False,2018-02-11T11:31:10
73,7.691,125.7,128.5,73091.5,3:00:51,357.0,Ride,False,2018-02-10T13:06:38
74,6.645,125.9,112.6,29989.2,1:17:11,173.0,VirtualRide,False,2018-02-08T17:58:52
75,7.771,119.4,118.7,114702.0,4:20:33,454.0,Ride,False,2018-02-03T12:11:37
76,0.37,,,1000.0,0:45:00,0.0,Swim,False,2018-02-02T16:45:23
77,2.541,141.0,,6014.6,0:41:21,41.0,Run,False,2018-02-02T15:10:22
78,2.057,127.0,,8212.5,1:07:28,432.0,Run,False,2018-02-01T16:23:52
79,6.06,116.9,111.7,64437.4,3:06:12,1105.0,Ride,False,2018-01-31T12:29:42
80,6.581,132.6,112.9,38048.7,1:37:26,534.0,VirtualRide,False,2018-01-30T19:30:19
81,0.0,,,0.0,1:00:00,0.0,Swim,False,2018-01-29T19:30:00
82,7.771,131.5,124.0,113179.0,5:10:54,1310.0,Ride,False,2018-01-28T08:18:26
83,2.78,161.5,,7074.0,0:54:23,133.9,Run,False,2018-01-27T15:48:06
84,0.0,,,0.0,1:00:00,0.0,Swim,False,2018-01-26T19:30:00
85,6.808,118.9,99.9,77014.2,3:24:54,471.0,Ride,False,2018-01-25T11:08:20
86,2.698,162.1,,15048.8,1:40:16,138.6,Run,True,2018-01-24T16:13:20
87,7.108,128.9,110.4,25881.4,1:02:42,268.0,VirtualRide,False,2018-01-23T18:47:39
88,2.785,150.6,,5679.5,0:34:57,37.8,Run,True,2018-01-23T17:09:41
89,2.234,163.9,,18692.2,2:19:27,836.9,Run,False,2018-01-21T09:02:11
90,2.578,134.5,,7586.6,0:51:17,190.7,Run,False,2018-01-20T10:24:51
91,6.836,129.5,114.7,15510.3,0:44:00,151.0,VirtualRide,False,2018-01-18T19:54:17
92,7.541,136.0,118.1,18195.7,0:40:13,216.0,VirtualRide,False,2018-01-16T18:29:52
93,3.16,,,14400.8,1:18:00,121.9,Run,True,2018-01-15T17:09:17
94,6.343,117.6,110.9,45838.1,2:03:14,770.0,Ride,False,2018-01-14T13:01:25
95,7.637,122.3,109.8,105582.0,4:32:22,734.0,Ride,False,2018-01-13T11:54:01
96,2.873,,,7082.6,1:02:38,178.9,Run,False,2018-01-12T11:38:00
97,6.119,120.8,122.9,40738.9,1:56:40,632.0,Ride,False,2018-01-11T14:20:34
98,2.721,,,15120.3,1:39:15,149.5,Run,True,2018-01-10T18:17:01
99,7.085,128.0,128.5,54974.5,2:23:12,757.0,Ride,False,2018-01-07T11:32:54
100,8.076,138.5,130.3,76118.1,2:52:58,895.0,Ride,False,2018-01-06T10:26:16
101,2.35,133.5,,7953.4,1:22:06,203.8,Run,False,2018-01-05T11:49:50
102,7.536,137.6,108.6,31749.0,1:14:06,281.0,VirtualRide,False,2018-01-03T19:56:07
103,8.21,143.2,115.1,29998.4,1:01:57,147.0,VirtualRide,False,2018-01-02T16:49:51
104,2.591,170.5,,20988.3,2:20:52,823.7,Run,False,2018-01-01T09:47:38
105,2.17,112.0,,21039.6,3:27:37,857.7,Run,False,2017-12-31T11:11:07
106,2.141,133.1,,25417.9,4:15:41,1112.4,Run,False,2017-12-27T09:25:32
107,1.121,137.6,,12288.1,4:24:28,1389.8,Run,False,2017-12-24T11:26:51
108,2.17,151.9,,4457.8,0:40:04,234.4,Run,False,2017-12-21T10:58:17
109,3.081,155.7,,15022.0,1:25:03,133.1,Run,False,2017-12-20T14:47:37
110,3.014,139.5,,9129.7,0:55:10,126.4,Run,False,2017-12-18T16:25:52
111,2.102,131.5,,6722.4,0:58:42,270.6,Run,False,2017-12-16T10:46:59
112,2.734,149.2,,11319.1,1:14:22,109.6,Run,False,2017-12-14T18:46:01
113,2.768,133.5,,7019.8,0:45:58,58.6,Run,False,2017-12-12T16:08:39
114,2.439,172.7,,30439.0,3:27:59,1174.2,Run,False,2017-12-09T16:54:49
115,3.047,144.7,,9639.6,0:55:03,73.8,Run,False,2017-12-07T14:53:12
116,2.988,151.6,,12018.2,1:33:31,95.9,Run,False,2017-12-05T12:16:56
117,2.556,143.7,,16009.4,1:52:55,386.9,Run,False,2017-12-03T15:51:52
118,2.29,124.5,,18027.7,2:29:12,591.3,Run,False,2017-11-30T13:20:03
119,2.934,154.2,,12524.8,1:16:30,94.5,Run,False,2017-11-28T12:13:32
120,0.278,,,1000.0,1:00:00,0.0,Swim,False,2017-11-27T19:45:54
121,2.194,127.5,,28247.2,4:13:38,1177.4,Run,False,2017-11-26T11:10:54
122,2.876,139.5,,11059.7,1:27:05,107.1,Run,False,2017-11-23T11:43:48
123,1.95,140.8,,11773.2,1:57:41,632.0,Run,False,2017-11-22T14:13:12
124,3.126,,,10663.3,1:02:49,90.2,Run,False,2017-11-20T12:06:51
125,2.459,154.8,,18415.8,2:19:41,903.2,Run,False,2017-11-18T12:30:23
126,3.359,159.6,,9020.1,0:46:54,86.2,Run,False,2017-11-16T18:18:38
127,2.579,127.9,,5450.4,0:39:34,52.5,Run,False,2017-11-15T16:26:46
128,3.053,171.8,,10825.5,1:00:48,93.7,Run,False,2017-11-14T12:10:14
129,2.85,137.9,,20034.7,2:10:31,220.4,Run,False,2017-11-11T12:47:36
130,2.599,159.4,,7024.4,0:46:20,68.3,Run,False,2017-11-08T15:21:34
131,2.737,140.6,,6101.3,0:38:43,129.3,Run,False,2017-11-06T18:29:45
132,6.15,128.6,111.9,126178.0,6:19:53,2339.0,Ride,False,2017-11-03T10:10:35
133,2.659,130.3,,11189.9,1:22:09,174.7,Run,False,2017-11-01T12:29:51
134,2.847,148.6,,6255.6,0:36:57,105.3,Run,False,2017-10-30T17:13:40
135,5.418,124.6,98.8,80548.3,4:56:04,1420.0,Ride,False,2017-10-28T10:17:17
136,2.53,130.3,,6169.5,0:42:30,64.8,Run,False,2017-10-26T18:10:07
137,6.579,119.4,115.3,48274.7,2:13:00,785.0,Ride,False,2017-10-25T16:20:33
138,6.725,107.5,85.8,23585.4,0:58:27,120.0,Ride,True,2017-10-25T08:26:41
139,2.806,131.1,,18333.2,2:16:06,179.1,Run,False,2017-10-24T18:13:04
140,5.065,130.4,131.0,62390.4,3:43:19,2046.0,Ride,False,2017-10-21T11:46:09
141,5.972,136.3,142.4,98883.5,5:08:01,2602.0,Ride,False,2017-10-20T12:22:53
142,6.274,,121.5,68077.3,3:07:03,1299.0,Ride,False,2017-10-18T15:50:24
143,8.34,,145.7,24352.8,0:48:40,119.0,Ride,False,2017-10-18T07:48:48
144,6.154,,109.9,37180.3,1:41:54,639.0,Ride,False,2017-10-17T16:58:42
145,7.341,,102.3,24027.3,0:54:57,127.0,Ride,False,2017-10-17T08:12:55
146,5.922,,83.5,25930.7,1:21:53,304.0,Ride,False,2017-10-16T17:10:53
147,6.808,,87.2,23943.2,0:58:37,118.0,Ride,False,2017-10-16T08:14:48
148,5.529,,134.7,109162.0,7:17:53,3239.0,Ride,False,2017-10-15T10:33:45
149,7.292,,136.1,126375.0,5:26:15,1610.0,Ride,False,2017-10-14T11:25:18
150,3.772,158.4,188.9,14847.3,1:05:36,1095.2,Ride,False,2017-10-08T09:44:03
151,6.706,139.7,176.6,140521.0,5:53:51,3316.0,Ride,False,2017-10-07T07:42:45
152,6.995,150.2,188.4,99372.8,4:03:02,2278.0,Ride,False,2017-10-06T08:56:51
153,6.077,,104.4,32537.0,1:40:48,539.0,Ride,False,2017-10-04T17:51:24
154,5.939,,103.8,32601.2,1:33:53,569.0,Ride,False,2017-10-03T17:49:32
155,5.072,119.5,108.6,34814.0,2:02:02,1023.0,Ride,False,2017-10-01T11:39:59
156,4.944,122.2,108.2,49756.1,3:02:57,1382.0,Ride,False,2017-09-29T16:39:17
157,7.245,129.5,139.5,111426.0,4:37:05,1451.0,Ride,False,2017-09-27T16:20:25
158,2.64,135.7,,9723.7,1:01:23,135.3,Run,False,2017-09-25T20:38:59
159,7.357,133.5,147.8,144013.0,7:04:45,2352.0,Ride,False,2017-09-24T10:12:24
160,7.132,132.0,145.6,112270.0,5:07:06,1965.0,Ride,False,2017-09-23T12:20:50
161,6.883,137.4,145.7,89704.8,4:13:08,1575.0,Ride,False,2017-09-22T15:50:37
162,7.861,114.9,127.9,24203.4,0:53:32,122.0,Ride,False,2017-09-21T07:44:26
163,5.862,139.7,155.4,23792.1,1:11:22,692.0,Ride,False,2017-09-20T18:34:29
164,7.398,,111.6,24331.7,0:54:49,120.0,Ride,False,2017-09-20T08:03:59
165,8.125,124.3,155.3,109981.0,5:03:05,806.0,Ride,False,2017-09-18T09:30:24
166,6.279,139.3,129.1,131151.0,7:12:27,2874.0,Ride,False,2017-09-17T10:05:58
167,7.465,144.6,159.7,92325.8,3:37:20,1575.0,Ride,False,2017-09-16T13:57:49
168,7.672,150.7,166.2,70775.0,2:59:11,1039.0,Ride,False,2017-09-13T17:59:47
169,8.036,130.5,134.6,24188.9,0:52:00,118.0,Ride,False,2017-09-13T08:02:58
170,7.692,137.4,161.4,200052.0,7:54:23,2709.0,Ride,False,2017-09-10T08:07:05
171,6.796,130.7,129.7,124075.0,7:12:46,1965.0,Ride,False,2017-09-08T12:12:31
172,7.041,,91.5,23179.1,0:55:31,113.0,Ride,False,2017-09-07T18:32:17
173,7.76,,127.6,23466.7,0:50:24,119.0,Ride,True,2017-09-07T08:36:07
174,7.968,144.1,175.9,70026.7,2:56:50,1053.0,Ride,False,2017-09-06T17:55:08
175,7.455,,100.4,24101.2,0:53:53,127.0,Ride,False,2017-09-06T08:20:27
176,5.441,132.5,117.4,33971.4,1:50:41,884.0,Ride,False,2017-09-05T18:26:08
177,7.012,125.5,126.4,44568.2,1:49:50,636.0,Ride,False,2017-09-04T17:50:42
178,7.587,116.3,115.3,25157.5,0:56:18,126.0,Ride,False,2017-09-04T08:19:37
179,5.477,131.6,130.1,105499.0,6:30:03,3161.0,Ride,False,2017-09-03T10:22:22
180,5.549,132.0,141.3,21784.1,1:12:35,658.0,Ride,False,2017-09-02T11:06:19
181,7.069,135.3,141.2,60045.4,2:47:18,1006.0,Ride,False,2017-08-30T17:57:58
182,8.78,128.0,161.0,24398.7,0:48:10,117.0,Ride,True,2017-08-30T08:12:35
183,5.683,127.0,112.3,45682.6,2:26:01,1014.0,Ride,False,2017-08-29T17:41:22
184,6.205,,110.3,31777.6,1:28:05,560.0,Ride,False,2017-08-27T18:12:43
185,5.652,143.1,139.8,169907.0,8:33:40,4437.0,Ride,False,2017-08-26T06:51:35
186,7.389,,100.0,24059.2,0:54:16,109.0,Ride,False,2017-08-24T18:44:44
187,8.701,,159.6,24770.4,0:48:18,117.0,Ride,False,2017-08-24T08:09:10
188,7.082,142.5,147.1,70372.3,2:56:04,1177.0,Ride,False,2017-08-23T18:05:27
189,7.822,103.1,119.8,24279.6,0:53:30,108.0,Ride,False,2017-08-23T08:21:11
190,7.186,128.8,136.3,161989.0,6:51:34,2759.0,Ride,False,2017-08-20T11:10:57
191,5.871,129.3,128.8,52930.9,2:44:24,1396.0,Ride,False,2017-08-19T09:50:14
192,6.424,122.8,110.3,47645.5,2:08:36,760.0,Ride,False,2017-08-17T18:54:48
193,8.329,121.7,152.2,24387.0,0:50:45,146.0,Ride,True,2017-08-17T08:29:30
194,7.14,134.6,143.0,68413.5,3:12:10,1037.0,Ride,False,2017-08-16T17:53:54
195,8.173,119.0,148.2,24912.3,0:52:33,144.0,Ride,False,2017-08-16T08:22:54
196,5.671,124.5,121.8,36700.1,1:49:05,954.0,Ride,False,2017-08-15T18:44:06
197,6.074,,102.6,47176.3,2:15:11,803.0,Ride,False,2017-08-14T15:48:29
198,2.122,149.6,,30876.2,4:33:52,2253.4,Run,False,2017-08-13T09:43:27
199,3.002,130.2,,9633.6,0:53:53,126.0,Run,False,2017-08-10T19:50:27
200,8.391,142.5,190.6,86477.8,3:13:56,1215.0,Ride,False,2017-08-09T17:47:58
201,6.952,120.8,130.6,78935.7,3:29:58,1130.0,Ride,False,2017-08-07T17:56:07
202,8.342,121.1,143.9,24117.6,0:48:48,145.0,Ride,False,2017-08-07T08:06:20
203,6.667,134.3,141.6,112623.0,6:25:16,2288.2,Ride,False,2017-08-06T08:44:07
204,6.132,145.5,139.8,92140.5,5:00:04,2513.0,Ride,False,2017-07-29T11:18:55
205,8.547,139.2,187.1,105704.0,4:09:05,1210.0,Ride,False,2017-07-26T18:32:45
206,8.249,124.0,146.3,23938.2,0:49:38,112.0,Ride,False,2017-07-26T08:06:54
207,6.611,,111.9,38807.1,1:40:17,559.0,Ride,False,2017-07-20T19:20:01
208,7.053,139.7,150.0,60998.5,2:54:13,1191.0,Ride,False,2017-07-19T18:07:12
209,7.098,107.4,95.6,24432.2,0:57:41,118.0,Ride,False,2017-07-19T08:17:30
210,5.557,125.9,117.8,37186.7,1:56:56,1034.0,Ride,False,2017-07-18T18:38:55
211,6.711,110.6,112.9,25275.0,1:03:05,310.0,Ride,False,2017-07-17T18:49:01
212,5.881,139.4,140.3,89098.5,5:11:06,2338.0,Ride,False,2017-07-15T10:19:14
213,5.819,130.5,128.7,108322.0,6:49:29,2664.0,Ride,False,2017-07-14T09:45:42
214,6.056,106.7,94.2,24817.7,1:14:20,316.0,Ride,True,2017-07-13T19:37:45
215,7.865,114.0,120.6,23808.7,0:50:56,108.0,Ride,True,2017-07-13T08:35:47
216,7.713,135.4,166.5,80002.9,3:30:22,1248.0,Ride,False,2017-07-12T17:53:16
217,7.85,119.6,122.0,25283.5,0:54:09,126.0,Ride,True,2017-07-12T07:37:49
218,3.098,145.2,,10085.4,1:02:51,82.7,Run,False,2017-07-11T19:13:57
219,7.872,138.3,203.6,210087.0,7:26:33,3801.0,Ride,False,2017-07-09T06:59:28
220,6.857,119.8,122.5,51047.0,3:03:45,607.0,Ride,False,2017-07-06T18:28:05
221,8.18,126.7,136.1,24222.4,0:49:21,109.0,Ride,False,2017-07-06T08:12:57
222,7.674,141.4,164.6,81824.2,3:38:55,1193.0,Ride,False,2017-07-05T17:53:56
223,7.53,117.4,108.6,24578.2,0:55:23,124.0,Ride,False,2017-07-05T09:08:20
224,2.919,135.8,,18292.9,2:09:17,182.6,Run,False,2017-07-04T18:24:47
225,7.87,,121.4,24207.5,0:51:16,110.0,Ride,True,2017-07-03T18:23:16
226,6.893,,89.0,24451.0,0:59:07,123.0,Ride,True,2017-07-03T09:04:55
227,7.775,140.1,159.6,110741.0,4:15:57,1503.0,Ride,False,2017-07-02T09:11:46
228,2.053,139.1,,21419.6,3:39:48,924.0,Run,False,2017-07-01T11:19:44
229,2.191,119.3,,7395.3,0:59:42,276.8,Run,False,2017-06-29T20:40:01
230,7.652,131.8,134.5,83675.5,5:14:06,600.0,Ride,False,2017-06-28T17:53:09
231,2.917,142.7,,14168.8,1:44:06,147.0,Run,False,2017-06-27T18:21:58
232,1.84,125.3,,29392.8,5:50:20,2199.0,Run,False,2017-06-25T10:18:38
233,6.636,123.8,127.0,174299.0,8:22:31,3044.0,Ride,False,2017-06-24T10:14:02
234,4.961,121.8,106.1,42869.9,2:45:02,1269.0,Ride,False,2017-06-22T18:31:28
235,7.7,136.7,161.3,111657.0,4:41:49,1463.0,Ride,False,2017-06-21T17:59:09
236,7.733,113.4,119.1,24241.9,0:52:45,117.0,Ride,False,2017-06-21T08:08:54
237,2.766,136.3,,18042.7,2:13:44,361.3,Run,False,2017-06-20T18:18:38
238,5.927,112.5,100.7,63623.3,3:18:24,1099.0,Ride,False,2017-06-19T17:41:32
239,2.221,155.3,,20153.2,2:31:14,1125.4,Run,False,2017-06-18T09:59:16
240,2.979,137.0,,6440.8,0:37:09,89.4,Run,False,2017-06-17T10:19:43
241,7.06,134.8,139.1,85930.0,3:52:36,1506.0,Ride,False,2017-06-15T17:44:07
242,1.609,123.1,,9471.9,1:55:39,852.6,Run,False,2017-06-13T19:08:23
243,8.058,122.0,154.7,155287.0,6:43:57,1894.0,Ride,False,2017-06-11T09:09:43
244,6.467,121.8,110.0,146813.0,7:21:28,2183.0,Ride,False,2017-06-10T11:09:58
245,6.815,125.5,116.3,42427.7,1:48:05,609.0,Ride,False,2017-06-09T18:10:53
246,7.279,107.0,102.1,24216.3,0:56:08,124.0,Ride,False,2017-06-09T07:48:20
247,7.928,133.8,161.4,96214.1,3:51:16,1229.0,Ride,False,2017-06-07T17:52:36
248,6.038,,66.5,25273.9,1:11:59,134.0,Ride,False,2017-06-07T08:23:13
249,6.468,114.6,121.3,164572.0,8:14:30,2917.0,Ride,False,2017-06-04T09:11:24
250,6.91,112.5,117.3,122038.0,8:44:54,1157.0,Ride,False,2017-06-03T10:41:00
251,6.584,118.5,120.0,87788.0,6:06:38,1403.0,Ride,False,2017-06-02T10:22:58
252,5.953,120.4,112.5,152017.0,9:32:04,3133.0,Ride,False,2017-06-01T09:23:22
253,6.064,124.4,113.9,82037.8,4:23:15,1410.0,Ride,False,2017-05-31T15:06:21
254,6.286,,96.9,24916.5,1:06:04,319.0,Ride,True,2017-05-29T17:53:31
255,7.603,,111.9,24336.4,0:54:00,130.0,Ride,False,2017-05-29T08:07:37
256,6.612,110.4,103.7,179187.0,10:07:16,2001.0,Ride,False,2017-05-27T09:40:28
257,6.241,129.5,131.3,155285.0,9:11:42,3562.0,Ride,False,2017-05-26T09:35:30
258,7.458,136.0,153.5,101234.0,4:16:51,1545.0,Ride,False,2017-05-24T17:52:51
259,7.19,,101.9,24560.3,0:57:21,128.0,Ride,False,2017-05-24T08:00:34
260,2.593,133.6,,18461.6,2:16:14,383.9,Run,False,2017-05-23T18:24:26
261,6.091,132.5,136.3,102132.0,6:08:29,2737.0,Ride,False,2017-05-21T10:34:30
262,6.568,111.9,111.7,84544.0,5:05:10,1265.0,Ride,False,2017-05-20T10:20:02
263,7.919,137.4,167.2,102175.0,4:09:30,1364.0,Ride,False,2017-05-17T17:41:13
264,2.757,138.4,,19778.0,2:32:56,198.1,Run,False,2017-05-16T18:20:06
265,6.466,119.8,111.5,70536.0,3:23:09,1123.0,Ride,False,2017-05-15T17:14:44
266,7.187,123.7,105.1,25284.3,1:00:03,178.0,Ride,True,2017-05-15T07:20:19
267,6.699,120.9,128.7,52878.9,2:14:14,926.0,Ride,False,2017-05-14T09:20:03
268,6.413,134.3,134.9,91834.0,4:25:42,2011.0,Ride,False,2017-05-13T09:24:25
269,6.306,130.5,104.4,32481.4,1:27:45,503.0,Ride,False,2017-05-12T16:07:13
270,7.449,123.8,111.0,24142.1,0:55:43,120.0,Ride,False,2017-05-12T07:20:43
271,8.22,138.6,181.8,102233.0,3:55:48,1322.0,Ride,False,2017-05-10T17:38:55
272,6.681,122.1,114.4,90022.3,4:00:59,1379.0,Ride,False,2017-05-09T17:05:46
273,6.823,,121.6,103502.0,5:29:45,1118.0,Ride,False,2017-05-06T09:43:50
274,6.407,124.7,129.7,83333.4,4:28:39,1655.0,Ride,False,2017-05-05T15:21:43
275,7.166,133.9,149.6,84316.2,3:41:06,1395.0,Ride,False,2017-05-03T17:28:27
276,7.229,122.8,106.1,24852.3,1:00:10,132.0,Ride,False,2017-05-03T07:52:26
277,3.084,133.4,,11798.3,1:20:59,195.3,Run,False,2017-05-02T18:50:42
278,7.127,125.2,124.7,72312.7,7:48:13,1328.0,Ride,False,2017-04-30T10:22:59
279,7.053,129.8,133.7,171688.0,10:01:59,2647.0,Ride,False,2017-04-29T09:00:50
280,2.402,147.5,,15707.4,2:03:27,428.3,Run,False,2017-04-27T19:42:50
281,3.593,,,19530.9,1:30:43,241.1,Run,False,2017-04-23T09:30:18
282,5.133,,147.8,83722.5,5:34:26,2660.8,Ride,False,2017-04-21T07:45:24
283,6.102,,167.1,154938.0,8:39:11,3873.1,Ride,False,2017-04-20T08:40:48
284,6.823,,138.3,40032.1,2:33:43,522.2,Ride,False,2017-04-19T09:13:57
285,6.204,,161.5,101352.0,6:18:35,2577.2,Ride,False,2017-04-18T08:08:35
286,6.311,,176.2,85873.6,5:08:19,2213.9,Ride,False,2017-04-17T08:03:33
287,6.837,,174.9,110062.0,5:38:34,2207.8,Ride,False,2017-04-16T09:05:51
288,3.113,,,24750.7,2:24:48,261.9,Run,False,2017-04-13T16:06:59
289,2.997,,,16798.2,1:52:08,157.9,Run,False,2017-04-11T18:12:05
290,7.763,,184.8,145070.0,6:11:39,2320.8,Ride,False,2017-04-09T09:27:53
291,6.343,,161.3,84926.2,4:05:46,2395.8,Ride,False,2017-04-08T10:09:35
292,1.968,,,17620.0,2:45:31,1513.4,Run,False,2017-04-06T17:56:46
293,7.386,,187.8,68559.7,2:59:09,1206.4,Ride,False,2017-04-05T17:40:01
294,2.831,131.6,,16923.8,1:53:46,268.6,Run,False,2017-04-04T18:22:17
295,7.201,,165.9,28103.7,1:05:10,366.3,Ride,True,2017-04-03T17:03:42
296,2.77,,,33450.7,4:05:24,1104.4,Run,False,2017-04-02T10:32:04
297,7.579,,159.2,111883.0,4:29:36,1490.6,Ride,False,2017-04-01T10:24:32
298,6.194,,133.3,35049.9,1:40:56,695.1,Ride,False,2017-03-31T16:37:58
299,7.182,,171.2,77291.0,3:26:09,1091.1,Ride,False,2017-03-29T17:33:59
300,6.739,147.4,108.8,23924.6,1:18:41,82.6,Ride,False,2017-03-29T10:34:08
301,2.929,136.0,,17798.3,2:04:29,126.1,Run,False,2017-03-28T18:26:09
302,8.529,,181.7,179263.0,6:51:32,1235.9,Ride,False,2017-03-26T09:28:23
303,8.065,,187.8,111085.0,4:30:48,1522.0,Ride,False,2017-03-25T09:49:53
304,3.181,,,20001.6,1:49:46,196.8,Run,True,2017-03-24T17:27:14
305,8.257,127.7,163.6,25166.4,0:54:36,58.3,Ride,False,2017-03-23T17:20:54
306,7.254,96.9,128.6,23620.6,0:56:33,83.5,Ride,False,2017-03-23T08:56:38
307,2.958,145.2,,17301.9,2:04:24,221.4,Run,False,2017-03-21T18:20:48
308,7.608,,140.1,119302.0,7:36:47,852.0,Ride,False,2017-03-19T08:36:24
309,7.137,,141.9,92394.7,4:32:56,1202.4,Ride,False,2017-03-18T09:50:09
310,3.301,,,18227.5,1:38:23,75.9,Run,True,2017-03-17T08:53:58
311,6.449,,135.5,27911.3,1:14:56,368.1,Ride,True,2017-03-16T17:10:22
312,7.481,,131.2,22159.2,0:52:10,58.6,Ride,False,2017-03-16T08:44:41
313,8.458,,170.2,23767.4,0:49:03,89.7,Ride,True,2017-03-15T08:19:38
314,3.024,,,11911.1,1:47:11,93.7,Run,False,2017-03-14T18:16:31
315,2.459,,,28199.2,3:51:20,1210.9,Run,False,2017-03-12T09:02:19
316,7.486,,175.0,56253.3,2:29:55,621.6,Ride,False,2017-03-11T10:28:09
317,6.857,135.7,135.0,72040.4,3:21:56,1121.3,Ride,False,2017-03-10T13:28:37
318,3.054,,,13630.8,1:16:02,135.9,Run,False,2017-03-09T19:20:55
319,2.732,158.6,,17170.2,2:02:26,239.5,Run,False,2017-03-07T18:15:57
320,2.35,,,20013.9,2:47:39,612.6,Run,False,2017-03-05T09:46:38
321,6.832,100.3,159.2,65693.9,3:02:18,1011.7,Ride,False,2017-03-03T15:13:59
322,3.026,,,15114.2,1:36:46,50.9,Run,False,2017-03-02T17:21:52
323,2.972,125.7,,17894.2,2:03:47,146.2,Run,False,2017-02-28T18:19:41
324,6.771,140.9,150.5,44822.6,2:01:21,787.7,Ride,False,2017-02-27T10:56:12
325,3.053,133.5,,19605.8,1:51:38,209.5,Run,False,2017-02-26T15:10:32
326,7.12,,148.3,83112.5,3:43:52,1233.3,Ride,False,2017-02-25T12:36:39
327,7.552,,178.2,27664.7,1:03:26,364.6,Ride,True,2017-02-23T17:15:12
328,8.425,,168.3,23675.1,0:48:21,69.9,Ride,True,2017-02-23T08:04:05
329,7.1,,162.8,27960.9,1:16:44,377.5,Ride,False,2017-02-22T17:01:47
330,8.54,,171.2,22809.6,0:45:18,49.7,Ride,True,2017-02-22T08:02:26
331,2.747,,,18936.1,2:08:16,344.8,Run,False,2017-02-21T18:19:58
332,6.984,,150.6,43672.2,2:01:00,543.7,Ride,False,2017-02-19T13:45:22
333,6.833,,152.3,84655.5,4:29:22,1117.9,Ride,False,2017-02-18T11:11:41
334,3.099,,,15052.5,1:22:29,63.7,Run,True,2017-02-16T07:50:06
335,7.412,160.3,127.6,23872.8,0:57:01,71.4,Ride,True,2017-02-14T08:58:29
336,3.019,154.7,,14944.6,1:32:18,291.7,Run,False,2017-02-09T11:58:50
337,2.81,140.3,,16452.3,1:57:22,138.7,Run,False,2017-02-07T18:21:16
338,0.619,,,2600.0,1:10:00,0.0,Swim,False,2017-02-06T18:33:00
339,2.72,,,18087.9,2:16:10,244.0,Run,False,2017-01-31T18:20:51
340,2.297,,,12844.8,1:43:38,451.7,Run,False,2017-01-29T15:00:02
341,2.857,,,9678.3,0:59:47,424.0,Run,False,2017-01-28T18:26:49
342,7.222,,,26000.0,1:00:00,0.0,Ride,False,2017-01-27T18:45:00
343,2.412,,,9101.7,1:04:12,425.9,Run,False,2017-01-26T19:39:39
344,2.907,140.9,,17614.4,2:04:05,286.4,Run,False,2017-01-24T18:23:05
345,0.407,,,2200.0,1:30:00,0.0,Swim,False,2017-01-23T18:30:00
346,2.411,,,19722.2,2:34:05,683.8,Run,False,2017-01-21T12:58:57
347,7.688,,,28600.0,1:02:00,0.0,Ride,False,2017-01-20T20:01:38
348,2.827,142.4,,12859.1,1:21:52,95.7,Run,False,2017-01-19T17:10:55
349,2.913,,,17995.0,2:03:24,51.1,Run,False,2017-01-17T18:17:29
350,2.98,,,5873.5,0:33:51,79.9,Run,False,2017-01-03T12:46:52
351,2.155,,,12834.6,2:06:20,183.5,Run,False,2016-12-29T11:33:18
352,7.045,,99.1,63478.5,3:18:09,215.1,Ride,False,2016-12-28T11:48:17
353,3.214,147.0,,24673.1,2:13:29,243.2,Run,False,2016-12-25T11:46:55
354,5.756,,69.5,47104.8,3:11:50,176.5,Ride,False,2016-12-24T11:00:05
355,2.561,,,21000.7,2:33:10,188.7,Run,False,2016-12-23T10:24:58
356,3.035,,,18051.3,2:04:52,118.8,Run,False,2016-12-20T18:30:14
357,1.962,,,15126.0,2:45:41,867.1,Run,False,2016-12-14T18:36:29
358,1.532,130.2,,9904.5,3:43:01,911.9,Run,False,2016-12-11T10:25:39
359,3.408,,,5743.1,0:37:02,112.3,Run,False,2016-12-10T22:55:54
360,6.592,135.5,142.1,85122.5,4:17:54,1314.8,Ride,False,2016-12-10T10:21:17
361,7.277,,,31000.0,1:11:00,0.0,Ride,False,2016-12-08T19:30:00
362,3.103,,,22386.8,2:13:02,66.8,Run,True,2016-12-07T08:41:41
363,2.446,,,11673.9,1:46:06,187.1,Run,False,2016-12-06T18:28:33
364,7.136,,128.9,103623.0,4:29:40,510.8,Ride,False,2016-12-04T09:16:41
365,2.105,,,18892.6,2:51:25,965.9,Run,False,2016-12-03T12:06:06
366,6.667,,,24000.0,1:00:00,0.0,Ride,False,2016-12-02T18:30:00
367,2.575,,,11245.5,1:14:36,110.6,Run,False,2016-12-01T18:40:39
368,6.668,,107.7,27213.2,1:08:01,306.5,Ride,False,2016-11-30T11:54:48
369,3.108,,,15598.4,1:35:15,24.0,Run,False,2016-11-29T18:25:32
370,6.501,,129.4,74659.5,3:30:31,953.0,Ride,False,2016-11-27T09:50:10
371,2.804,161.9,,23836.7,2:21:41,731.2,Run,False,2016-11-26T11:01:18
372,6.667,,,24000.0,1:00:00,0.0,Ride,False,2016-11-25T18:45:00
373,2.473,148.9,,6359.2,0:58:39,154.1,Run,False,2016-11-23T22:02:26
374,0.444,,,1600.0,1:00:00,0.0,Swim,False,2016-11-23T19:30:00
375,3.003,140.1,,18836.9,2:20:45,34.9,Run,False,2016-11-22T18:09:35
376,0.37,,,2000.0,1:30:00,0.0,Swim,False,2016-11-21T19:42:33
377,2.657,,,3828.4,0:26:11,54.6,Run,False,2016-11-21T17:54:06
378,6.934,,128.1,62188.4,2:51:53,704.6,Ride,False,2016-11-20T09:43:03
379,2.7,138.4,,21136.1,2:44:06,113.6,Run,False,2016-11-19T11:07:51
380,0.333,,,1500.0,1:15:00,0.0,Swim,False,2016-11-19T09:30:57
381,6.111,,,22000.0,1:00:00,0.0,Ride,False,2016-11-18T18:30:00
382,2.889,,,9895.1,1:00:11,100.0,Run,False,2016-11-17T21:14:51
383,0.556,,,1000.0,0:30:00,0.0,Swim,False,2016-11-16T20:15:00
384,2.897,,,13012.3,1:36:57,13.5,Run,False,2016-11-15T18:24:11
385,0.444,,,2000.0,1:15:00,0.0,Swim,False,2016-11-14T19:04:03
386,2.737,,,2518.0,0:15:20,41.2,Run,False,2016-11-14T18:07:12
387,2.374,,,8068.1,1:06:20,76.2,Run,False,2016-11-12T12:28:13
388,3.542,,,11391.1,0:53:36,191.1,Run,False,2016-11-12T11:00:09
389,6.667,,,24000.0,1:00:00,0.0,Ride,False,2016-11-11T19:00:00
390,0.417,,,1500.0,1:00:00,0.0,Swim,False,2016-11-09T20:15:00
391,2.801,144.3,,13104.8,1:42:17,91.8,Run,False,2016-11-08T18:19:46
392,0.444,,,1600.0,1:00:00,0.0,Swim,False,2016-11-07T18:35:00
393,2.087,167.6,,20040.4,3:03:09,1022.2,Run,False,2016-11-06T11:57:17
394,0.0,147.5,,0.0,1:03:19,0.0,Ride,False,2016-11-04T18:53:18
395,0.444,,,1200.0,0:45:00,0.0,Swim,False,2016-11-02T18:45:00
396,6.103,130.4,134.5,53687.1,2:40:00,714.9,Ride,False,2016-11-02T09:34:43
397,2.857,141.6,,10628.4,1:12:44,43.9,Run,False,2016-11-01T18:46:29
398,0.463,,,2500.0,1:30:00,0.0,Swim,False,2016-10-31T18:30:58
399,3.664,165.1,,21138.4,1:36:09,57.1,Run,False,2016-10-30T13:50:12
400,0.417,,,1500.0,1:00:00,0.0,Swim,False,2016-10-26T20:00:00
401,2.664,133.8,,6008.3,0:44:22,35.3,Run,True,2016-10-26T17:12:25
402,2.654,139.7,,13476.5,1:50:54,168.0,Run,False,2016-10-25T18:03:31
403,0.463,,,2500.0,1:30:00,0.0,Swim,False,2016-10-24T19:00:54
404,2.787,140.5,,14012.2,1:44:19,207.9,Run,False,2016-10-23T16:55:02
405,6.088,,125.6,53914.9,2:35:12,780.4,Ride,False,2016-10-22T12:37:06
406,0.556,,,2000.0,1:00:00,0.0,Swim,False,2016-10-20T19:30:00
407,0.556,,,1000.0,0:30:00,0.0,Swim,False,2016-10-19T19:00:00
408,2.958,,,14618.6,1:42:38,115.4,Run,False,2016-10-18T18:18:33
409,0.556,,,3000.0,1:30:00,0.0,Swim,False,2016-10-17T19:00:00
410,2.123,147.7,,12317.5,2:36:07,834.4,Run,False,2016-10-16T14:04:58
411,2.394,142.4,,16228.9,2:01:23,429.7,Run,False,2016-10-14T16:01:06
412,2.455,142.4,,12822.4,2:04:55,284.4,Run,False,2016-10-12T14:44:58
413,2.442,162.0,,10259.4,1:14:35,426.5,Run,False,2016-10-11T13:32:06
414,2.37,138.5,,13012.7,2:15:59,554.8,Run,False,2016-10-09T08:04:49
415,3.165,,,20460.5,1:50:01,68.4,Run,False,2016-10-07T18:35:14
416,5.565,154.4,169.4,121198.0,7:23:20,3414.4,Ride,False,2016-10-05T11:21:43
417,2.912,135.5,,13233.6,1:58:13,128.3,Run,False,2016-10-04T17:47:19
418,0.556,,,2000.0,1:00:00,0.0,Swim,False,2016-10-03T18:30:00
419,1.581,157.7,,25498.5,4:28:52,1923.0,Run,False,2016-10-01T07:59:42
420,0.556,,,2000.0,1:00:00,0.0,Swim,False,2016-09-30T20:00:00
421,6.951,123.2,123.7,47986.2,1:57:13,541.0,Ride,False,2016-09-28T17:06:40
422,2.587,,,7278.7,0:57:38,212.8,Run,False,2016-09-27T19:21:02
423,0.556,,,2000.0,1:00:00,0.0,Swim,False,2016-09-26T18:30:00
424,6.198,121.6,122.5,88777.2,4:27:11,1241.2,Ride,False,2016-09-25T13:53:39
425,1.665,142.3,,26649.0,4:26:47,1575.8,Run,False,2016-09-24T06:13:42
426,6.44,137.0,139.1,45731.4,4:44:14,743.6,Ride,False,2016-09-21T17:50:15
427,7.271,123.7,122.6,23011.4,0:53:28,59.6,Ride,False,2016-09-21T07:41:43
428,2.884,139.4,,10747.4,1:19:13,13.6,Run,False,2016-09-20T18:47:03
429,7.159,153.2,193.0,124037.0,6:07:47,2250.4,Ride,False,2016-09-19T12:10:27
430,0.571,,,1200.0,0:35:00,0.0,Swim,False,2016-09-18T17:54:19
431,2.535,128.9,,8007.7,0:59:52,161.0,Run,False,2016-09-17T18:40:20
432,0.667,,,1600.0,0:40:00,0.0,Swim,False,2016-09-17T16:00:00
433,2.681,129.7,,15175.1,1:48:10,127.6,Run,False,2016-09-16T19:35:30
434,0.639,109.5,,1655.9,0:43:12,0.0,Swim,False,2016-09-14T17:23:04
435,2.759,143.0,,16008.0,2:04:56,91.5,Run,False,2016-09-13T18:26:53
436,1.253,,,2160.8,0:28:44,0.0,Swim,False,2016-09-12T17:29:38
437,5.343,,165.8,65459.8,4:39:41,2007.4,Ride,False,2016-09-11T11:28:36
438,5.736,144.1,171.7,161562.0,9:49:13,4307.7,Ride,False,2016-09-10T09:00:38
439,4.784,149.7,173.9,123786.0,9:58:54,4601.8,Ride,False,2016-09-09T09:14:56
440,0.439,,,1000.0,0:38:00,0.0,Swim,False,2016-09-08T19:47:00
441,3.299,146.7,,6927.2,0:44:58,44.7,Run,False,2016-09-06T19:13:29
442,2.636,136.4,,2628.2,0:22:39,14.5,Run,False,2016-09-06T18:48:17
443,0.667,,,800.0,0:20:00,0.0,Swim,False,2016-09-05T19:30:00
444,6.96,149.7,187.7,137941.0,6:04:13,2383.0,Ride,False,2016-09-04T09:21:44
445,6.661,148.4,156.1,91872.5,4:55:42,1563.2,Ride,False,2016-09-03T12:26:05
446,8.291,147.9,164.5,50218.7,1:42:42,420.2,Ride,False,2016-09-01T18:27:59
447,6.64,134.0,135.1,83593.2,3:46:14,999.0,Ride,False,2016-08-31T16:35:34
448,2.935,145.7,,14004.4,1:49:46,46.9,Run,False,2016-08-30T18:17:42
449,2.641,135.0,,7769.5,1:09:10,32.5,Run,False,2016-08-29T19:04:11
450,0.667,,,1200.0,0:30:00,0.0,Swim,False,2016-08-29T18:00:00
451,7.247,149.0,173.8,100815.0,4:18:57,1734.6,Ride,False,2016-08-28T08:03:07
452,7.208,139.2,138.3,68536.5,3:17:14,495.6,Ride,False,2016-08-27T09:21:23
453,2.912,157.3,,18008.9,1:47:25,0.0,Run,False,2016-08-25T18:32:19
454,6.1,144.2,144.0,78549.0,3:54:09,1569.2,Ride,False,2016-08-24T17:38:46
455,3.174,153.7,,8183.2,1:11:47,26.0,Run,False,2016-08-23T18:48:52
456,6.782,126.0,111.2,47484.1,2:03:12,499.9,Ride,False,2016-08-22T18:38:52
457,6.171,129.6,127.3,69161.3,3:39:42,1187.3,Ride,False,2016-08-21T15:17:21
458,2.764,139.4,,12013.7,2:04:38,180.5,Run,False,2016-08-18T18:14:09
459,2.647,138.3,,6288.5,0:47:04,61.8,Run,False,2016-08-16T08:49:45
460,2.893,144.2,,7113.0,1:20:48,42.3,Run,False,2016-08-15T09:37:54
461,5.934,154.2,195.2,118313.0,6:23:44,3681.1,Ride,False,2016-08-13T06:57:11
462,10.238,,269.3,19042.0,0:31:00,79.8,Ride,True,2016-08-12T08:12:23
463,6.2,132.6,127.4,115440.0,6:41:22,1383.7,Ride,False,2016-08-11T12:04:35
464,6.531,130.4,198.2,11429.5,1:01:03,303.9,Ride,False,2016-08-10T18:26:04
465,6.453,148.5,104.5,25238.7,1:29:04,171.6,Ride,False,2016-08-10T16:51:41
466,5.833,,150.8,81673.0,5:41:30,1573.1,Ride,False,2016-08-07T10:10:15
467,5.811,150.2,183.4,126461.0,7:51:10,3640.3,Ride,False,2016-08-06T12:45:40
468,2.791,134.5,,4384.7,0:26:14,66.5,Run,False,2016-08-05T09:37:58
469,6.194,127.6,118.3,52777.5,2:37:41,444.8,Ride,False,2016-08-04T14:13:00
470,5.555,,172.1,43075.4,2:23:03,1199.2,Ride,False,2016-08-01T11:11:37
471,5.238,151.7,186.4,161359.0,10:35:32,5799.2,Ride,False,2016-07-30T10:24:54
472,6.045,127.4,118.8,76571.5,3:54:33,1149.0,Ride,False,2016-07-28T17:49:34
473,6.273,119.1,101.7,34754.9,1:43:49,378.4,Ride,False,2016-07-27T18:25:28
474,7.714,134.0,139.8,23821.4,0:53:28,71.0,Ride,False,2016-07-27T09:04:54
475,7.226,137.7,149.0,64307.9,2:30:03,898.3,Ride,False,2016-07-26T18:51:48
476,5.576,133.2,143.2,107636.0,7:23:04,2213.3,Ride,False,2016-07-24T10:35:06
477,6.201,129.2,127.3,69172.8,3:17:37,810.4,Ride,False,2016-07-23T18:20:28
478,2.85,140.7,,8066.5,0:53:03,162.1,Run,False,2016-07-22T18:06:44
479,2.565,133.7,,9565.2,1:06:12,69.6,Run,False,2016-07-21T21:01:44
480,4.224,153.0,189.3,38361.8,2:58:18,1963.3,Ride,False,2016-07-20T09:17:16
481,5.814,149.5,173.1,105202.0,7:50:02,2852.7,Ride,False,2016-07-17T09:31:20
482,5.735,,127.7,103645.0,8:02:59,1704.4,Ride,False,2016-07-16T10:12:59
483,6.172,136.9,154.2,70085.0,3:17:25,1301.6,Ride,False,2016-07-15T17:32:50
484,2.749,145.5,,12076.9,1:25:34,212.3,Run,False,2016-07-14T18:20:31
485,5.346,,161.8,35649.4,2:00:58,1070.8,Ride,False,2016-07-10T17:48:53
486,6.222,,143.5,63561.0,3:00:45,866.3,Ride,False,2016-07-09T16:24:40
487,5.804,150.4,150.2,133056.0,7:54:36,2853.8,Ride,False,2016-07-08T11:10:50
488,7.108,138.2,147.6,109192.0,4:33:47,874.7,Ride,False,2016-07-06T18:15:37
489,6.96,132.1,122.0,61621.0,2:32:57,654.5,Ride,False,2016-07-04T17:53:53
490,1.988,162.1,,17618.0,2:27:43,1869.3,Run,False,2016-07-03T09:07:46
491,6.291,125.9,100.8,28272.3,1:17:48,326.7,Ride,False,2016-07-01T18:42:04
492,7.016,148.3,143.3,75854.5,3:12:46,1155.8,Ride,False,2016-06-30T17:32:29
493,2.316,152.6,,17618.2,2:27:41,573.1,Run,False,2016-06-28T18:53:32
494,6.709,127.3,129.9,46140.4,1:59:15,414.3,Ride,False,2016-06-27T19:05:49
495,6.434,139.6,133.0,116901.0,5:38:07,1868.5,Ride,False,2016-06-26T12:19:16
496,6.376,116.7,103.1,58107.6,2:37:16,306.3,Ride,False,2016-06-24T18:28:16
497,1.828,163.9,,16621.0,2:43:49,1866.2,Run,False,2016-06-23T18:38:58
498,6.504,136.7,149.5,86152.7,3:55:21,1329.8,Ride,False,2016-06-22T17:39:04
499,5.004,,154.2,62272.2,4:09:30,1806.6,Ride,False,2016-06-19T14:46:29
500,6.866,126.3,118.9,33261.0,1:36:02,202.9,Ride,False,2016-06-18T13:38:53
501,6.669,,123.8,55501.5,2:37:01,624.7,Ride,False,2016-06-17T18:22:53
502,7.606,139.0,153.4,47071.7,1:51:55,560.7,Ride,False,2016-06-14T18:00:24
503,2.218,150.4,,13698.1,1:54:09,729.9,Run,False,2016-06-12T17:25:41
504,2.716,141.7,,17120.4,2:39:01,176.2,Run,False,2016-06-11T18:42:10
505,6.159,135.2,136.2,86803.9,4:39:04,1384.6,Ride,False,2016-06-10T16:03:32
506,7.678,,169.7,80740.1,3:04:44,830.7,Ride,False,2016-06-09T18:45:25
507,6.424,128.0,132.1,73537.7,3:36:09,884.5,Ride,False,2016-06-06T17:41:29
508,6.692,136.7,126.6,120202.0,5:58:55,1520.4,Ride,False,2016-06-05T10:31:58
509,7.164,127.4,122.7,28256.7,1:08:17,124.9,Ride,False,2016-06-04T13:41:13
510,6.664,149.7,188.6,38035.5,1:36:22,824.2,Ride,False,2016-06-03T18:39:56
511,3.094,146.4,,11712.1,1:31:07,0.0,Run,False,2016-06-02T18:39:01
512,6.799,,131.0,35621.6,1:29:30,434.6,Ride,False,2016-06-01T19:04:12
513,5.341,148.8,164.6,42369.1,3:28:47,1317.6,Ride,False,2016-05-28T15:12:47
514,7.434,128.0,118.9,28778.2,1:05:25,95.0,Ride,False,2016-05-28T13:01:46
515,6.825,147.8,161.3,55395.7,2:27:46,813.4,Ride,False,2016-05-27T18:37:32
516,6.436,121.2,82.0,10362.2,0:36:56,33.0,Ride,False,2016-05-27T17:22:15
517,6.38,134.7,131.2,70297.1,3:44:30,1031.3,Ride,False,2016-05-26T17:49:45
518,6.816,130.5,111.5,26684.6,1:05:31,310.4,Ride,False,2016-05-25T18:52:04
519,2.881,140.0,,9031.9,1:00:06,75.2,Run,False,2016-05-24T20:52:20
520,7.427,,182.8,60400.1,2:50:21,930.5,Ride,False,2016-05-21T16:42:24
521,6.392,,158.9,62898.2,3:22:17,1019.9,Ride,False,2016-05-20T16:47:12
522,7.793,,154.6,45446.5,1:40:50,465.0,Ride,False,2016-05-19T19:10:43
523,6.993,,,60000.0,2:23:00,0.0,Ride,False,2016-05-18T17:00:00
524,6.448,132.7,122.3,102415.0,4:48:53,1502.9,Ride,False,2016-05-16T10:05:43
525,5.879,137.2,124.5,85477.2,4:33:52,1530.4,Ride,False,2016-05-15T09:07:47
526,2.672,143.8,,11012.6,1:20:45,219.8,Run,False,2016-05-14T11:02:31
527,6.524,,100.7,16336.4,0:41:44,166.4,Ride,False,2016-05-12T16:30:54
528,6.987,,118.3,27389.7,1:06:12,317.3,Ride,False,2016-05-10T18:25:17
529,3.044,135.6,,10116.3,0:55:31,161.7,Run,False,2016-05-08T14:34:45
530,2.163,157.4,,10111.5,1:22:44,789.5,Run,False,2016-05-08T11:14:01
531,5.421,131.0,178.0,111617.0,7:06:26,3205.1,Ride,False,2016-05-07T09:54:50
532,5.071,134.6,176.8,86619.1,6:06:41,3334.1,Ride,False,2016-05-06T11:22:11
533,6.152,130.2,119.8,72613.1,3:26:45,867.1,Ride,False,2016-05-04T16:34:07
534,6.49,130.6,101.5,40016.1,1:44:38,432.7,Ride,False,2016-05-03T18:20:50
535,7.118,141.8,143.9,46671.3,2:11:15,424.5,Ride,False,2016-05-02T18:06:29
536,2.74,151.0,,8306.7,1:07:50,166.2,Run,False,2016-05-01T14:58:33
537,6.432,140.2,126.4,71538.9,3:22:27,884.6,Ride,False,2016-04-29T16:15:17
538,6.505,132.3,132.3,53777.6,2:26:00,598.4,Ride,False,2016-04-28T17:55:45
539,2.674,151.5,,7337.4,0:46:02,25.7,Run,False,2016-04-27T16:04:34
540,6.868,133.7,110.9,84639.9,3:39:27,711.8,Ride,False,2016-04-24T10:13:35
541,2.65,156.6,,7999.5,0:51:18,161.0,Run,False,2016-04-23T13:16:04
542,6.631,128.1,107.9,28070.7,1:24:04,317.8,Ride,False,2016-04-22T15:49:56
543,7.316,122.5,111.6,53147.9,2:08:15,197.1,Ride,False,2016-04-21T18:00:17
544,6.868,140.5,141.9,60859.9,2:35:02,642.5,Ride,False,2016-04-20T17:43:18
545,6.556,137.2,113.2,22905.4,1:09:01,269.4,Ride,False,2016-04-19T17:02:45
546,2.43,156.0,,9137.4,1:04:56,92.2,Run,False,2016-04-17T12:31:36
547,6.415,146.8,179.6,89006.1,5:19:47,2163.2,Ride,False,2016-04-12T10:25:00
548,5.607,143.2,181.6,25977.0,1:21:09,648.5,Ride,False,2016-04-11T16:29:13
549,6.043,,214.1,57870.5,3:40:15,1974.3,Ride,False,2016-04-11T10:13:01
550,6.544,135.8,154.3,46426.2,3:12:39,840.2,Ride,False,2016-04-10T10:07:34
551,5.95,143.8,196.1,120725.0,8:04:57,3629.8,Ride,False,2016-04-09T10:03:23
552,6.693,136.0,116.7,77474.1,3:29:20,886.2,Ride,False,2016-04-06T16:26:06
553,6.817,137.2,118.0,58725.8,2:28:15,708.8,Ride,False,2016-04-03T13:30:13
554,6.2,126.0,81.7,49250.9,2:15:15,268.3,Ride,False,2016-04-01T15:52:59
555,6.327,132.3,83.7,63926.0,3:02:30,343.4,Ride,False,2016-03-29T13:10:30
556,6.17,123.8,78.9,71971.2,3:21:07,350.9,Ride,False,2016-03-27T11:13:58
557,6.547,136.4,125.1,46301.8,2:00:28,443.8,Ride,False,2016-03-25T15:25:28
558,6.763,131.6,115.0,58284.6,2:34:57,613.5,Ride,False,2016-03-25T08:39:17
559,6.075,114.7,100.0,27336.3,1:16:48,326.7,Ride,False,2016-03-24T17:08:39
560,7.011,,111.3,43855.1,1:47:23,392.0,Ride,False,2016-03-21T17:42:08
561,6.123,123.9,105.5,62340.8,3:06:22,766.6,Ride,False,2016-03-20T12:28:42
562,5.861,121.7,113.3,90795.0,4:58:51,1396.9,Ride,False,2016-03-19T11:08:18
563,7.361,139.7,139.5,57157.1,2:11:03,652.8,Ride,False,2016-03-18T16:35:58
564,6.475,,111.3,36494.0,1:37:57,495.0,Ride,False,2016-03-17T12:14:43
565,6.092,130.7,97.9,27413.8,1:20:34,323.4,Ride,False,2016-03-14T17:00:02
566,5.426,140.1,109.8,99695.1,5:51:36,1619.0,Ride,False,2016-03-13T11:24:34
567,6.236,127.2,102.5,48431.6,2:17:24,551.2,Ride,False,2016-03-11T15:34:38
568,6.32,139.2,101.1,33066.0,1:31:00,385.0,Ride,False,2016-03-06T15:06:21
569,7.003,145.8,122.3,77287.3,3:13:44,392.6,Ride,False,2016-03-05T14:07:58
570,8.131,,130.6,40608.7,1:24:56,272.0,VirtualRide,False,2016-03-03T19:53:52
571,8.137,,143.5,30009.8,1:07:05,308.0,VirtualRide,False,2016-03-02T20:11:14
572,6.32,140.6,101.4,27821.3,1:19:43,329.1,Ride,False,2016-03-01T09:39:46
573,6.881,136.6,97.8,53272.3,2:16:35,223.8,Ride,False,2016-02-28T13:09:14
574,5.875,128.3,89.2,81619.0,4:15:51,718.2,Ride,False,2016-02-27T11:16:35
575,6.762,137.3,111.3,37186.0,1:39:24,413.8,Ride,False,2016-02-26T16:11:18
576,6.457,,120.2,50178.1,2:15:46,323.1,Ride,False,2016-02-24T12:17:40
577,5.668,,176.3,100508.0,5:45:20,2770.7,Ride,False,2016-02-21T12:13:06
578,6.269,,151.9,70259.8,3:32:13,1393.1,Ride,False,2016-02-20T14:22:43
579,5.444,112.2,96.9,29320.2,1:42:14,380.3,Ride,False,2016-02-18T16:15:31
580,6.469,138.4,103.2,36487.5,1:37:38,387.6,Ride,False,2016-02-17T16:12:01
581,5.83,135.6,158.8,100310.0,5:48:04,2271.9,Ride,False,2016-02-14T10:49:38
582,7.176,120.3,126.0,92300.3,4:08:23,558.4,Ride,False,2016-02-12T11:29:23
583,5.475,,114.8,101993.0,"3 days, 23:05:23",1283.1,Ride,False,2016-02-09T17:40:09
584,5.597,,86.4,29999.8,1:33:01,318.9,Ride,False,2016-02-08T08:57:07
585,2.631,148.0,,15547.8,1:53:19,134.7,Run,False,2016-01-21T16:52:17
586,2.427,144.0,,5090.0,0:35:04,80.6,Run,False,2016-01-20T19:32:27
587,3.123,161.1,,10017.4,0:55:24,122.4,Run,False,2016-01-19T18:54:53
588,2.037,148.7,,16381.5,2:53:44,761.2,Run,False,2016-01-16T12:52:03
589,2.609,,,662.6,0:04:52,0.0,Run,False,2016-01-15T18:29:18
590,2.947,,,4017.3,0:24:33,38.3,Run,False,2016-01-15T17:01:34
591,2.849,141.3,,15793.6,1:50:30,69.6,Run,False,2016-01-14T18:16:34
592,2.941,155.9,,8368.2,0:49:15,96.2,Run,False,2016-01-12T17:40:35
593,2.546,156.4,,4117.2,0:27:53,43.6,Run,False,2016-01-11T19:19:24
594,2.933,141.5,,1184.8,0:07:11,0.0,Run,False,2016-01-11T18:01:46
595,2.541,147.6,,8295.9,0:55:37,160.7,Run,False,2016-01-10T10:19:52
596,2.455,,,10049.2,1:22:02,99.3,Run,False,2016-01-09T13:26:22
597,2.639,147.5,,5951.9,0:40:33,83.1,Run,False,2016-01-02T15:06:26
598,3.076,,,20846.9,1:52:57,28.0,Run,False,2016-01-01T00:03:08
599,2.277,139.5,,7274.1,0:54:37,102.2,Run,False,2015-12-25T12:19:02
600,5.003,112.3,53.4,43646.9,2:31:30,250.1,Ride,False,2015-12-24T11:28:50
601,2.581,154.6,,8031.5,0:53:28,83.6,Run,False,2015-12-23T11:21:07
602,2.638,,,5010.0,0:33:16,61.6,Run,False,2015-12-22T16:30:17
603,2.159,146.2,,4918.5,0:44:59,73.7,Run,False,2015-12-20T10:06:26
604,2.846,,,9147.0,1:12:08,179.2,Run,False,2015-12-10T12:16:30
605,2.546,,,2354.6,0:15:38,12.0,Run,False,2015-12-09T19:10:07
606,2.953,,,4323.0,0:26:27,0.0,Run,False,2015-12-09T18:41:30
607,2.649,,,2750.0,0:17:39,0.0,Run,False,2015-12-09T18:19:09
608,2.883,,,18002.0,2:13:04,282.7,Run,False,2015-12-08T09:15:47
609,2.541,,,8472.0,1:21:31,11.8,Run,False,2015-12-04T17:21:58
610,2.847,,,5293.0,0:33:51,15.9,Run,False,2015-12-02T19:49:15
611,3.322,,,8151.0,0:52:36,11.1,Run,False,2015-12-01T17:42:52
612,2.958,,,6218.7,0:36:20,10.7,Run,False,2015-11-30T19:10:30
613,2.566,,,25121.0,3:14:33,244.1,Run,False,2015-11-28T10:18:38
614,2.808,,,5689.0,0:37:52,30.8,Run,False,2015-11-26T18:50:57
615,2.786,,,9333.0,1:01:30,51.6,Run,False,2015-11-26T17:18:14
616,2.61,,,6172.0,0:48:40,161.1,Run,False,2015-11-24T18:13:07
617,3.114,,,10125.0,1:04:47,0.0,Run,False,2015-11-22T13:09:19
618,2.903,,,17867.0,1:43:44,46.3,Run,False,2015-11-21T09:03:48
619,2.766,,,5253.0,0:32:37,57.3,Run,False,2015-11-19T18:13:04
620,2.833,,,17068.0,2:45:41,273.7,Run,False,2015-11-17T17:04:39
621,3.495,,,11463.0,0:54:40,199.0,Run,False,2015-11-14T10:00:05
622,3.041,,,10939.0,1:55:01,33.3,Run,False,2015-11-12T17:22:16
623,3.366,,,12250.7,1:45:52,294.0,Run,False,2015-11-10T17:12:36
624,2.852,,,4628.4,0:29:47,107.1,Run,False,2015-10-27T19:04:28
625,3.466,,,21163.0,1:41:46,94.4,Run,False,2015-10-25T12:56:02
626,3.064,,,14393.0,1:24:24,170.6,Run,False,2015-10-20T19:09:09
627,2.758,,,3794.5,0:22:56,41.0,Run,False,2015-10-19T20:24:36
628,3.116,,,4216.2,0:22:36,33.2,Run,False,2015-10-19T18:50:50
629,1.996,,,32777.0,4:33:39,1633.3,Run,False,2015-10-11T08:29:50
630,2.641,,,6643.9,0:57:33,36.1,Run,False,2015-10-04T10:44:34
631,2.379,,,19424.0,2:28:24,785.9,Run,False,2015-10-03T13:16:15
632,3.612,,,3554.3,0:26:31,0.0,Run,False,2015-10-01T19:14:29
633,3.008,,,3254.3,0:18:02,0.0,Run,False,2015-10-01T18:12:34
634,2.756,,,5809.8,0:40:55,173.0,Run,False,2015-09-29T19:01:17
635,2.491,,,18473.0,2:08:04,593.1,Run,False,2015-09-27T11:18:18
636,2.814,,,7813.9,0:54:35,53.3,Run,False,2015-09-26T16:10:02
637,2.886,,,4565.0,0:35:52,116.7,Run,False,2015-09-22T19:01:17
638,1.328,,,20839.0,6:09:54,2249.7,Run,False,2015-09-20T11:44:03
639,2.827,,,17989.0,2:03:13,278.1,Run,False,2015-09-19T15:02:53
640,2.749,,,12397.0,1:22:40,95.0,Run,False,2015-09-16T17:02:17
641,2.765,,,3531.0,0:25:20,109.2,Run,False,2015-09-15T19:16:34
642,2.713,,,17203.0,2:30:46,197.2,Run,False,2015-09-13T13:40:52
643,4.68,,70.3,67722.0,5:43:46,377.3,Ride,False,2015-09-12T11:42:41
644,2.951,,,6362.0,0:46:13,0.0,Run,False,2015-09-10T19:00:20
645,2.842,,,3203.0,0:22:14,0.0,Run,False,2015-09-10T18:15:51
646,2.964,,,7818.0,0:51:35,167.7,Run,False,2015-09-08T13:05:49
647,2.743,,,7779.0,0:47:48,81.1,Run,False,2015-08-27T19:35:22
648,3.057,,,9267.0,1:04:12,53.4,Run,False,2015-08-26T18:54:12
649,2.952,,,7182.0,0:58:19,108.2,Run,False,2015-08-24T18:44:56
650,2.68,,,14011.1,1:42:17,63.1,Run,False,2015-08-23T15:58:29
651,3.027,,,9338.8,0:56:56,55.7,Run,False,2015-08-20T18:06:13
652,3.213,,,9385.9,1:17:31,0.0,Run,False,2015-08-19T19:36:11
653,2.852,,,13006.8,2:06:03,174.0,Run,False,2015-08-17T18:36:36
654,2.389,,,25486.1,2:57:50,750.4,Run,False,2015-08-14T08:02:02
655,2.453,,,15497.0,2:42:29,169.8,Run,False,2015-08-12T13:40:39
656,2.816,,,5412.8,0:33:11,66.8,Run,False,2015-08-10T16:07:55
657,2.436,,,16146.3,2:11:16,156.1,Run,False,2015-08-09T14:43:32
658,2.933,,,5006.7,0:35:44,12.3,Run,False,2015-08-06T19:29:26
659,3.373,,,8032.0,0:50:31,0.0,Run,False,2015-08-05T19:41:57
660,2.752,,,7006.9,0:46:48,75.4,Run,False,2015-08-04T15:09:57
661,3.025,,,8476.7,1:02:25,119.3,Run,False,2015-08-03T18:33:20
662,2.157,,,23300.0,3:00:00,0.0,Run,False,2015-08-01T08:30:00
663,2.951,,,10008.0,1:06:33,0.0,Run,False,2015-07-29T19:38:07
664,2.367,,,13350.0,1:34:00,0.0,Run,False,2015-07-28T18:00:00
665,2.949,,,1017.3,0:05:45,0.0,Run,False,2015-07-27T19:26:43
666,3.806,,,2150.3,0:09:25,0.0,Run,False,2015-07-27T18:50:37
667,2.718,,,3008.4,0:19:12,10.9,Run,False,2015-07-26T22:39:03
668,2.78,,,15003.7,1:55:16,91.4,Run,False,2015-07-25T20:07:38
669,3.046,,,6305.7,0:40:35,24.0,Run,False,2015-07-24T14:09:04
670,2.784,,,8767.4,1:07:22,112.8,Run,False,2015-07-21T18:01:09
671,2.623,,,6057.4,0:43:01,64.1,Run,False,2015-07-19T18:04:03
672,3.012,,,11566.9,1:07:17,153.8,Run,False,2015-07-18T09:08:58
673,3.031,,,7269.0,0:50:33,39.0,Run,False,2015-07-16T17:31:53
674,2.683,,,8010.4,0:51:56,101.0,Run,False,2015-07-15T10:33:26
675,2.953,,,7853.2,0:53:41,63.8,Run,False,2015-07-13T18:35:38
676,1.917,,,41588.7,7:27:07,694.9,Run,False,2015-07-06T13:56:09
677,2.989,,,4013.7,0:25:50,0.0,Run,False,2015-06-24T19:47:39
678,2.86,,,5025.3,0:32:10,18.1,Run,False,2015-06-23T19:46:51
679,2.948,,,8326.2,1:06:54,120.0,Run,False,2015-06-23T18:01:34
680,3.132,,,11024.0,1:03:49,70.1,Run,False,2015-06-21T17:30:33
681,3.034,,,20023.7,2:06:03,127.0,Run,False,2015-06-19T18:56:28
682,2.579,,,8033.8,0:53:49,99.7,Run,False,2015-06-18T18:05:05
683,2.783,,,7405.5,0:50:29,105.6,Run,False,2015-06-16T18:09:08
684,3.08,,,11080.5,1:15:32,139.0,Run,False,2015-06-15T18:35:17
685,2.893,,,6963.3,0:45:45,29.3,Run,False,2015-06-14T17:06:27
686,2.76,,,8076.1,0:59:12,36.2,Run,False,2015-06-14T15:54:22
687,3.171,,,12505.2,1:06:19,152.5,Run,False,2015-06-13T09:10:30
688,2.692,,,12207.2,1:22:16,146.3,Run,False,2015-06-11T14:53:19
689,2.861,,,7194.6,0:46:44,22.1,Run,False,2015-06-10T19:44:33
690,3.341,,,21000.8,1:44:45,116.3,Run,False,2015-06-06T09:02:33
691,2.45,,,5884.8,0:41:48,70.5,Run,False,2015-06-04T19:43:37
692,2.629,,,14510.2,1:56:21,132.3,Run,False,2015-06-02T15:14:44
693,3.041,,,7484.6,0:47:05,77.3,Run,False,2015-06-01T16:05:41
694,2.987,,,4271.1,0:25:49,10.8,Run,False,2015-05-29T19:49:40
695,2.944,,,14361.1,1:33:58,57.2,Run,False,2015-05-28T19:07:29
696,3.079,,,7230.2,0:42:17,87.9,Run,False,2015-05-26T19:46:05
697,3.006,,,8066.4,0:48:30,109.3,Run,False,2015-05-25T18:38:06
698,2.752,,,4248.7,0:25:59,24.2,Run,False,2015-05-24T20:00:04
699,2.569,,,26174.7,3:25:01,238.4,Run,False,2015-05-23T13:15:09
700,3.184,,,11462.4,1:06:01,42.3,Run,False,2015-05-21T19:43:20
701,2.495,,,8627.6,1:01:50,125.1,Run,False,2015-05-20T15:17:42
702,2.566,,,7104.9,0:51:27,53.3,Run,False,2015-05-20T14:19:02
703,2.762,,,3463.0,0:21:13,14.3,Run,False,2015-05-18T22:04:18
704,2.797,,,5004.5,0:30:59,31.9,Run,False,2015-05-17T20:26:41
705,2.921,,,21029.7,2:39:32,48.6,Run,False,2015-05-16T15:28:39
706,3.175,,,3311.4,0:19:38,0.0,Run,False,2015-05-14T18:03:49
707,3.173,,,4175.3,0:24:36,15.5,Run,False,2015-05-14T17:22:45
708,3.104,,,14007.1,1:35:19,62.6,Run,False,2015-05-13T18:58:34
709,3.112,,,5012.7,0:27:51,20.3,Run,False,2015-05-12T19:03:49
710,3.094,,,7697.1,0:58:10,118.0,Run,False,2015-05-11T18:37:16
711,3.306,,,5011.4,0:26:06,35.5,Run,False,2015-05-10T22:28:20
712,2.637,,,20010.8,2:36:19,219.0,Run,False,2015-05-09T10:33:11
713,2.835,,,2588.7,0:15:13,28.6,Run,False,2015-05-07T20:28:46
714,2.938,,,7461.5,0:48:54,0.0,Run,False,2015-05-06T20:26:22
715,3.694,,,3911.5,0:19:21,0.0,Run,False,2015-05-06T19:58:52
716,2.907,,,7799.0,0:52:51,54.2,Run,False,2015-05-06T18:38:57
717,3.222,,,5719.4,0:30:31,76.5,Run,False,2015-05-04T19:00:30
718,2.913,,,2569.2,0:14:42,45.1,Run,False,2015-05-04T18:39:45
719,2.493,,,18988.4,2:44:39,391.4,Run,False,2015-05-03T14:25:45
720,2.9,,,3146.7,0:19:14,0.0,Run,False,2015-05-01T20:13:14
721,2.891,,,6606.8,0:41:03,26.9,Run,False,2015-05-01T19:21:05
722,2.977,,,3013.1,0:17:34,11.1,Run,False,2015-05-01T18:44:19
723,3.264,,,13042.9,1:23:54,17.1,Run,False,2015-04-29T19:21:43
724,2.438,,,14701.9,1:52:31,212.5,Run,False,2015-04-28T15:46:02
725,2.711,,,4633.2,0:32:16,40.2,Run,False,2015-04-26T18:03:10
726,2.638,,,19694.7,2:26:12,347.4,Run,False,2015-04-25T16:26:15
727,3.09,,,10586.3,1:09:49,36.3,Run,False,2015-04-24T15:08:44
728,3.145,,,11204.1,1:18:18,16.2,Run,False,2015-04-22T19:25:40
729,3.961,,,10365.6,0:43:37,0.0,Run,False,2015-04-19T09:00:18
730,2.739,,,14581.5,1:44:58,163.3,Run,False,2015-04-17T18:10:31
731,3.149,,,10319.4,1:35:20,16.0,Run,False,2015-04-15T19:19:03
732,3.109,,,5096.2,0:29:25,51.0,Run,False,2015-04-12T17:34:47
733,2.772,,,22086.5,2:55:52,90.2,Run,False,2015-04-11T15:41:48
734,3.358,,,12878.5,1:21:09,141.0,Run,False,2015-04-06T18:38:19
735,3.035,,,7599.2,0:42:58,53.0,Run,False,2015-04-05T15:20:12
736,2.916,,,20785.4,2:11:08,94.2,Run,False,2015-04-03T13:55:17
737,3.102,,,6390.9,0:36:27,27.5,Run,False,2015-03-31T19:12:56
738,3.244,,,9515.8,1:08:40,99.1,Run,False,2015-03-30T19:39:03
739,3.129,,,1727.2,0:09:25,0.0,Run,False,2015-03-30T19:17:51
740,1.84,,,50660.0,7:38:59,1183.8,Run,False,2015-03-21T08:59:11
741,3.173,,,9118.3,0:51:28,11.9,Run,False,2015-03-14T17:18:59
742,2.93,,,9775.9,0:56:18,31.3,Run,False,2015-03-13T17:28:23
743,3.421,,,2829.3,0:16:00,0.0,Run,False,2015-03-10T18:08:39
744,3.073,,,2507.9,0:14:48,0.0,Run,False,2015-03-10T15:53:21
745,3.333,,,12037.2,1:08:19,116.1,Run,False,2015-03-09T19:00:57
746,3.557,,,4709.3,0:36:28,51.3,Run,False,2015-03-09T18:21:09
747,2.999,,,29052.5,3:16:32,125.1,Run,False,2015-03-07T14:34:09
748,3.355,,,2254.8,0:11:24,0.0,Run,False,2015-03-05T16:44:18
749,2.732,,,2710.2,0:16:50,10.6,Run,False,2015-03-05T12:58:59
750,3.292,,,13459.3,1:30:09,16.3,Run,False,2015-03-04T19:20:48
751,3.098,,,17168.1,1:52:15,156.1,Run,False,2015-03-02T18:22:26
752,2.925,,,20991.3,2:13:48,119.2,Run,False,2015-02-28T14:03:18
753,2.771,,,4320.6,0:27:17,10.8,Run,False,2015-02-26T15:19:33
754,2.988,,,15517.9,1:48:22,32.3,Run,False,2015-02-25T19:18:30
755,2.829,,,3159.8,0:18:37,11.2,Run,False,2015-02-25T12:39:18
756,2.944,,,13321.4,1:21:33,25.7,Run,False,2015-02-22T16:40:45
757,2.802,,,7181.8,0:46:16,11.3,Run,False,2015-02-21T17:26:04
758,2.971,,,6596.2,0:39:15,53.6,Run,False,2015-02-17T16:51:43
759,2.863,,,17490.0,1:48:30,84.8,Run,False,2015-02-16T15:05:52
760,2.728,,,7649.8,0:51:24,38.6,Run,False,2015-02-14T15:46:36
761,2.993,,,2516.9,0:14:29,16.0,Run,False,2015-02-10T17:29:52
762,2.934,,,3198.2,0:19:08,11.8,Run,False,2015-02-10T15:20:24
763,3.099,,,16739.6,1:47:35,188.3,Run,False,2015-02-09T18:19:13
764,2.924,,,16005.1,1:44:11,91.1,Run,False,2015-02-07T14:14:33
765,2.717,,,12863.5,1:29:57,33.0,Run,False,2015-02-04T19:37:29
766,2.911,,,1196.3,0:07:04,0.0,Run,False,2015-02-04T19:26:05
767,2.724,,,2813.6,0:19:59,11.7,Run,False,2015-02-04T11:13:41
768,2.766,,,10731.0,1:14:37,56.2,Run,False,2015-02-02T18:38:26
769,3.15,,,13996.0,1:14:42,153.5,Run,False,2015-01-31T09:07:13
770,2.951,,,3213.5,0:18:28,20.7,Run,False,2015-01-30T17:11:53
771,2.676,,,2956.8,0:21:23,10.7,Run,False,2015-01-30T13:45:25
772,2.833,,,11134.2,1:24:37,57.4,Run,False,2015-01-28T13:34:18
773,2.876,,,3882.2,0:23:07,21.4,Run,False,2015-01-28T11:10:16
774,3.124,,,13541.0,1:22:18,132.9,Run,False,2015-01-26T18:41:16
775,2.997,,,2856.4,0:19:03,12.7,Run,False,2015-01-26T12:21:38
776,3.044,,,3071.3,0:17:32,11.2,Run,False,2015-01-26T10:14:22
777,2.835,,,18009.4,1:49:39,171.6,Run,False,2015-01-24T11:03:12
778,3.137,,,2641.4,0:15:08,10.5,Run,False,2015-01-22T17:33:33
779,2.89,,,3156.3,0:18:43,11.2,Run,False,2015-01-22T12:26:53
780,2.675,,,2806.5,0:17:29,11.2,Run,False,2015-01-20T12:58:05
781,2.892,,,1850.6,0:11:18,0.0,Run,False,2015-01-19T19:54:53
782,3.052,,,7159.3,0:39:06,0.0,Run,False,2015-01-19T19:05:50
783,2.882,,,5217.1,0:38:23,56.2,Run,False,2015-01-19T18:20:50
784,2.827,,,15234.1,1:37:28,72.1,Run,False,2015-01-18T13:01:22
785,2.815,,,12567.7,1:19:23,85.2,Run,False,2015-01-14T13:27:41
786,2.83,,,8647.9,0:55:43,24.4,Run,False,2015-01-12T18:40:27
787,2.85,,,5226.2,0:30:51,0.0,Run,False,2014-12-03T19:02:21
788,2.647,,,889.5,0:05:36,0.0,Run,False,2014-11-26T20:33:44
789,3.079,,,8347.2,0:50:28,11.0,Run,False,2014-11-26T19:36:53
790,2.824,,,1372.7,0:08:06,0.0,Run,False,2014-11-24T19:32:37
791,3.332,,,5360.4,0:27:20,73.0,Run,False,2014-11-24T18:58:53
792,2.85,,,883.5,0:05:58,22.1,Run,False,2014-11-24T18:44:41
793,2.883,,,16340.5,1:45:20,123.1,Run,False,2014-11-22T15:45:15
794,2.699,,,4313.2,0:28:07,18.2,Run,False,2014-11-20T18:27:56
795,2.781,,,4054.3,0:24:23,29.5,Run,False,2014-11-18T19:29:43
796,2.989,,,11339.0,1:14:52,93.1,Run,False,2014-11-17T18:39:59
797,2.793,,,12745.3,1:23:02,145.6,Run,False,2014-11-13T16:08:05
798,2.814,,,4043.7,0:24:59,29.5,Run,False,2014-11-11T17:05:10
799,3.238,,,1431.4,0:07:22,0.0,Run,False,2014-11-11T16:46:11
800,3.626,,,1472.3,0:06:46,0.0,Run,False,2014-11-11T16:07:36
801,3.136,,,4130.1,0:24:56,0.0,Run,False,2014-11-11T15:27:39
802,2.434,,,14118.3,1:45:50,128.6,Run,False,2014-11-09T13:27:47
803,2.806,,,8621.8,0:51:31,150.1,Run,False,2014-11-08T17:29:15
804,2.883,,,6189.9,0:39:03,0.0,Run,False,2014-11-05T19:57:29
805,3.225,,,2915.5,0:15:40,10.7,Run,False,2014-11-05T19:37:45
806,2.722,,,15477.8,1:44:58,160.4,Run,False,2014-11-03T14:14:25
807,2.608,,,1158.1,0:10:21,0.0,Run,False,2014-11-02T11:53:07
808,3.632,,,4917.5,0:22:34,30.2,Run,False,2014-11-02T11:26:34
809,3.171,,,5239.1,0:27:49,0.0,Run,False,2014-10-29T20:03:45
810,3.342,,,1433.7,0:07:09,0.0,Run,False,2014-10-29T19:48:00
811,2.845,,,3536.3,0:24:07,0.0,Run,False,2014-10-27T19:36:46
812,3.366,,,3396.6,0:16:49,41.7,Run,False,2014-10-27T19:03:50
813,3.008,,,3101.4,0:17:14,44.9,Run,False,2014-10-27T18:39:13
814,2.818,,,10655.1,1:08:57,36.9,Run,False,2014-10-26T16:48:45
815,2.811,,,15907.7,1:45:16,142.5,Run,False,2014-10-23T16:20:55
816,2.951,,,10095.8,1:16:58,65.3,Run,False,2014-10-19T13:51:40
817,2.265,,,9951.8,1:22:19,134.5,Run,False,2014-10-18T13:59:08
818,3.05,,,6699.8,0:53:53,21.7,Run,False,2014-10-15T19:18:14
819,3.084,,,6127.5,0:33:56,44.1,Run,False,2014-09-21T19:13:10
820,2.635,,,12211.7,1:20:32,108.9,Run,False,2014-09-20T18:18:51
821,3.264,,,5185.9,0:29:51,0.0,Run,False,2014-09-17T19:59:26
822,3.213,,,4768.1,0:33:53,16.1,Run,False,2014-09-17T19:17:58
823,3.191,,,10224.8,1:01:36,53.1,Run,False,2014-09-16T17:26:20
824,2.942,,,19965.5,2:15:59,109.5,Run,False,2014-09-14T15:47:29
825,2.857,,,9699.6,1:08:35,127.7,Run,False,2014-09-08T18:36:24
826,2.84,,,10008.4,1:07:53,105.6,Run,False,2014-09-07T13:50:21
827,2.681,,,7440.7,0:48:47,82.9,Run,False,2014-08-24T19:14:35
828,3.057,,,11239.6,1:08:06,42.3,Run,False,2014-08-22T15:59:41
829,2.974,,,7761.4,0:46:20,51.2,Run,False,2014-08-20T20:20:16
830,2.69,,,15500.5,1:50:37,249.2,Run,False,2014-08-19T18:06:52
831,3.455,,,10035.7,0:56:40,62.2,Run,False,2014-08-17T18:18:43
832,2.321,,,13339.2,1:44:49,190.0,Run,False,2014-08-15T16:06:37
833,2.967,,,10584.9,1:04:48,60.5,Run,False,2014-08-13T19:22:17
834,3.048,,,18015.8,2:05:27,91.1,Run,False,2014-08-09T12:40:43
835,3.0,,,9000.0,0:50:00,0.0,Run,False,2014-08-06T19:35:00
836,2.846,,,8398.3,0:52:53,106.0,Run,False,2014-08-05T18:02:23
837,2.915,,,8054.2,0:53:49,133.2,Run,False,2014-08-04T18:39:26
838,2.823,,,4883.9,0:37:40,0.0,Run,False,2014-08-03T19:08:14
839,2.45,,,23019.0,3:14:18,104.6,Run,False,2014-08-02T15:43:47
840,3.201,,,11760.5,1:11:12,0.0,Run,False,2014-07-30T19:35:34
841,2.938,,,8172.4,0:53:31,100.0,Run,False,2014-07-29T18:01:18
842,4.029,,,2200.0,0:09:06,0.0,Run,False,2014-07-28T19:00:00
843,2.587,,,5824.4,0:45:07,16.5,Run,False,2014-07-27T15:20:25
844,2.622,,,8871.2,1:01:36,108.2,Run,False,2014-07-27T14:09:35
845,3.141,,,13083.7,1:17:10,181.9,Run,False,2014-07-26T09:06:31
846,3.007,,,1275.1,0:07:04,0.0,Run,False,2014-07-23T20:34:36
847,3.608,,,7865.1,0:55:43,0.0,Run,False,2014-07-23T19:33:51
848,2.739,,,6938.6,0:46:09,106.1,Run,False,2014-07-22T18:09:10
849,3.333,,,12000.0,1:00:00,0.0,Run,False,2014-07-21T18:30:00
850,2.003,,,42000.0,5:49:30,0.0,Run,False,2014-07-12T09:00:00
851,2.89,,,5237.3,0:32:06,60.6,Run,False,2014-07-07T19:14:33
852,2.815,,,3383.7,0:20:02,61.7,Run,False,2014-07-07T18:38:50
853,2.217,,,15558.6,2:23:01,314.2,Run,False,2014-07-05T15:47:03
854,3.103,,,5299.3,0:30:06,34.8,Run,False,2014-07-03T22:11:18
855,3.279,,,11009.8,1:09:31,0.0,Run,False,2014-07-02T19:37:43
856,2.669,,,1470.5,0:09:38,23.3,Run,False,2014-06-30T20:02:42
857,2.978,,,8283.6,0:56:00,150.0,Run,False,2014-06-30T18:40:15
858,2.431,,,6730.4,0:53:38,76.1,Run,False,2014-06-29T14:46:00
859,2.885,,,18788.2,1:55:40,203.0,Run,False,2014-06-28T09:14:55
860,3.067,,,9230.4,1:09:22,0.0,Run,False,2014-06-25T19:34:27
861,2.94,,,5172.3,0:30:55,37.4,Run,False,2014-06-09T20:09:03
862,2.937,,,6567.0,0:43:41,113.3,Run,False,2014-06-09T18:39:20
863,3.118,,,20876.5,1:51:35,106.9,Run,False,2014-06-07T09:04:17
864,2.36,,,9560.8,1:24:22,139.8,Run,False,2014-06-05T16:03:39
865,3.117,,,10005.4,0:56:17,56.0,Run,False,2014-06-03T17:51:32
866,2.88,,,7860.2,0:55:49,124.4,Run,False,2014-06-02T18:43:02
867,2.761,,,16428.5,1:53:18,43.2,Run,False,2014-05-31T14:05:52
868,3.159,,,10199.9,1:00:57,41.8,Run,False,2014-05-30T18:56:29
869,3.514,,,10126.6,1:05:21,0.0,Run,False,2014-05-28T19:49:36
870,2.739,,,3777.3,0:23:05,52.7,Run,False,2014-05-26T19:07:50
871,2.923,,,5183.0,0:32:01,39.1,Run,False,2014-05-26T18:21:35
872,2.607,,,22899.6,2:26:23,452.5,Run,False,2014-05-24T07:31:08
873,3.109,,,6032.2,0:34:08,10.7,Run,False,2014-05-22T15:51:06
874,2.333,,,7000.0,0:50:00,0.0,Run,False,2014-05-19T18:30:00
875,2.657,,,7759.7,0:53:37,105.2,Run,False,2014-05-18T18:59:05
876,3.219,,,12026.9,1:16:49,55.8,Run,False,2014-05-17T11:41:37
877,2.937,,,1600.5,0:09:05,0.0,Run,False,2014-05-14T20:50:02
878,3.061,,,4138.0,0:23:12,0.0,Run,False,2014-05-14T20:18:46
879,3.002,,,4568.5,0:33:32,0.0,Run,False,2014-05-14T19:31:26
880,2.804,,,7799.5,0:52:19,48.2,Run,False,2014-05-13T20:10:20
881,3.0,,,8100.0,0:45:00,0.0,Run,False,2014-05-12T18:30:00
882,2.697,,,3028.5,0:19:03,0.0,Run,False,2014-05-11T19:47:42
883,3.091,,,18046.2,2:07:50,97.9,Run,False,2014-05-10T14:38:36
884,2.351,,,13997.3,1:54:59,188.4,Run,False,2014-05-08T15:55:22
885,3.373,,,6794.1,0:36:50,0.0,Run,False,2014-05-07T19:51:35
886,3.349,,,3004.2,0:14:57,0.0,Run,False,2014-05-07T19:31:56
887,2.963,,,18005.9,2:02:23,77.8,Run,False,2014-05-04T15:22:54
888,3.244,,,7700.2,0:48:02,54.7,Run,False,2014-05-02T17:32:44
889,2.801,,,972.0,0:05:47,0.0,Run,False,2014-04-28T19:36:31
890,2.913,,,5134.8,0:29:26,95.1,Run,False,2014-04-28T19:04:33
891,2.802,,,3606.2,0:21:27,61.8,Run,False,2014-04-28T18:37:33
892,2.909,,,18025.5,2:01:48,98.2,Run,False,2014-04-27T15:01:27
893,3.024,,,11589.5,1:23:24,97.7,Run,False,2014-04-23T19:34:18
894,2.878,,,11684.2,1:17:09,0.0,Run,False,2014-04-20T14:57:24
895,2.515,,,10013.1,1:13:02,97.1,Run,False,2014-04-19T15:37:23
896,2.964,,,6879.3,0:40:20,111.0,Run,False,2014-04-16T16:33:01
897,2.74,,,16016.3,1:42:26,142.4,Run,False,2014-04-11T15:40:13
898,2.878,,,1367.2,0:07:55,0.0,Run,False,2014-04-09T20:51:14
899,2.578,,,1887.4,0:12:12,0.0,Run,False,2014-04-09T20:34:36
900,3.302,,,6502.5,0:33:05,93.1,Run,False,2014-04-09T19:55:17
901,3.052,,,2328.6,0:13:33,38.1,Run,False,2014-04-09T19:37:52
902,2.899,,,6075.3,0:38:44,31.2,Run,False,2014-04-08T15:32:14
903,3.358,,,1960.8,0:12:42,0.0,Run,False,2014-04-07T19:25:59
904,3.236,,,7206.7,0:45:15,11.7,Run,False,2014-04-07T18:32:31
905,2.969,,,15347.8,1:39:46,111.1,Run,False,2014-04-05T16:01:25
906,2.865,,,3712.8,0:25:16,11.0,Run,False,2014-04-02T20:32:36
907,3.406,,,5377.4,0:26:39,77.6,Run,False,2014-04-02T19:52:30
908,3.282,,,4784.9,0:29:41,42.1,Run,False,2014-04-02T19:19:00
909,3.139,,,14132.2,1:23:47,68.5,Run,False,2014-03-31T15:46:55
910,2.81,,,13843.9,1:33:58,119.7,Run,False,2014-03-29T14:48:33
911,2.816,,,1517.9,0:09:24,0.0,Run,False,2014-03-26T20:23:58
912,3.0,,,5292.5,0:29:30,73.1,Run,False,2014-03-26T19:51:45
913,3.115,,,2386.2,0:13:23,38.3,Run,False,2014-03-26T19:34:31
914,2.935,,,1053.8,0:06:10,0.0,Run,False,2014-03-24T19:27:38
915,3.339,,,3505.6,0:18:15,0.0,Run,False,2014-03-24T18:59:42
916,3.082,,,4875.4,0:30:25,17.1,Run,False,2014-03-24T18:21:46
917,2.919,,,15087.4,1:36:35,126.5,Run,False,2014-03-22T14:53:54
918,2.741,,,8008.3,0:51:10,39.6,Run,False,2014-03-20T18:59:34
919,3.187,,,4467.7,0:23:29,59.7,Run,False,2014-03-19T19:51:59
920,2.393,,,773.1,0:06:22,21.1,Run,False,2014-03-19T19:39:22
921,2.953,,,6847.6,0:47:26,0.0,Run,False,2014-03-17T19:00:15
922,3.098,,,4923.5,0:36:07,16.8,Run,False,2014-03-17T18:16:04
923,2.883,,,12361.4,1:19:06,35.4,Run,False,2014-03-16T17:19:15
924,2.92,,,1763.5,0:13:11,0.0,Run,False,2014-03-12T20:18:56
925,2.77,,,4334.4,0:26:25,58.8,Run,False,2014-03-12T19:51:34
926,2.645,,,2423.1,0:15:16,37.8,Run,False,2014-03-12T19:34:02
927,2.824,,,1759.3,0:11:52,0.0,Run,False,2014-03-10T19:41:08
928,3.129,,,5673.3,0:30:22,0.0,Run,False,2014-03-10T19:00:52
929,3.099,,,4893.7,0:35:20,16.6,Run,False,2014-03-10T18:19:30
930,2.791,,,9621.3,0:59:56,112.9,Run,False,2014-03-09T13:26:54
931,2.898,,,6556.2,0:42:00,20.3,Run,False,2014-03-07T11:39:09
932,2.935,,,10643.3,1:05:06,40.1,Run,False,2014-03-05T19:34:20
933,2.836,,,5371.4,0:35:56,0.0,Run,False,2014-03-03T18:54:17
934,2.778,,,6395.0,0:40:39,16.1,Run,False,2014-02-24T19:05:16
935,2.894,,,5153.9,0:39:55,24.1,Run,False,2014-02-24T18:18:03
936,2.836,,,11538.3,1:16:53,40.3,Run,False,2014-02-22T16:17:24
937,2.902,,,1538.3,0:09:21,0.0,Run,False,2014-02-19T20:18:47
938,3.049,,,4606.3,0:29:14,70.4,Run,False,2014-02-19T19:41:10
939,2.948,,,7219.1,0:48:30,0.0,Run,False,2014-02-17T18:46:48
940,2.575,,,8019.9,0:55:50,39.2,Run,False,2014-02-16T16:12:03
941,3.002,,,3717.0,0:21:50,0.0,Run,False,2014-02-14T15:13:42
942,2.747,,,3186.9,0:20:32,11.0,Run,False,2014-02-14T12:32:19
943,2.727,,,11189.2,1:26:16,101.6,Run,False,2014-02-12T19:15:02
944,3.211,,,3423.0,0:21:56,0.0,Run,False,2014-02-10T18:59:43
945,1.936,,,5487.8,0:48:45,58.0,Run,False,2014-02-08T14:22:11
946,2.337,,,3234.5,0:28:27,14.9,Run,False,2014-02-05T20:26:59
947,2.946,,,3199.4,0:19:33,0.0,Run,False,2014-02-05T20:05:47
948,2.19,,,2461.2,0:23:53,25.8,Run,False,2014-02-05T19:38:31
949,2.336,,,2074.7,0:16:33,15.1,Run,False,2014-02-05T19:15:48
950,2.982,,,5000.3,0:29:32,0.0,Run,False,2014-02-03T19:01:40
951,2.4,,,8663.4,1:02:43,45.1,Run,False,2014-01-25T16:12:05
952,2.487,,,5010.5,0:35:02,35.0,Run,False,2014-01-23T13:45:46
953,2.736,,,8266.2,0:53:17,34.0,Run,False,2014-01-18T17:54:22
954,2.816,,,5080.4,0:32:15,23.4,Run,False,2014-01-16T18:57:04
955,2.871,,,7637.9,0:48:26,46.0,Run,False,2014-01-13T14:56:50
956,2.642,,,5180.9,0:33:47,29.6,Run,False,2014-01-11T14:31:38
957,2.561,,,7655.3,0:52:38,14.3,Run,False,2014-01-09T15:27:28
958,2.579,,,10016.2,1:08:20,46.7,Run,False,2014-01-04T16:19:37
959,2.882,,,5026.3,0:31:07,28.3,Run,False,2014-01-01T15:48:40
960,2.675,,,5968.9,0:38:19,10.8,Run,False,2013-12-31T14:13:48
961,2.379,,,8664.2,1:02:21,71.8,Run,False,2013-12-27T14:09:46
962,2.796,,,8076.1,0:51:09,80.2,Run,False,2013-12-25T15:09:29
963,2.828,,,5471.9,0:32:50,56.3,Run,False,2013-12-23T15:46:15
964,2.828,,,3260.9,0:19:13,29.5,Run,False,2013-12-22T14:58:04
965,3.013,,,10088.9,1:08:05,55.5,Run,False,2013-10-11T17:32:09
966,2.682,,,24412.7,2:39:38,263.0,Run,False,2013-10-05T09:36:57
967,2.352,,,11506.5,1:29:06,174.3,Run,False,2013-09-28T16:34:35
968,3.112,,,8018.5,0:53:02,25.2,Run,False,2013-08-04T20:15:43
969,3.968,,,2015.5,0:08:28,0.0,Run,False,2013-07-12T20:46:31
970,3.527,,,2204.1,0:10:25,0.0,Run,False,2013-07-12T20:31:32
971,3.32,,,10018.3,0:54:34,56.3,Run,False,2013-07-05T18:55:07
972,2.521,,,15818.8,1:50:18,120.6,Run,False,2013-06-23T12:43:01
973,3.559,,,10118.4,0:47:23,60.8,Run,False,2013-06-16T08:59:56
974,2.357,,,7798.5,0:56:43,110.3,Run,False,2013-06-14T13:40:09
975,3.034,,,20998.9,1:55:21,99.0,Run,False,2013-06-01T09:02:40
